'C:\apps\resource_planner_web\run_flask_app.bat' is not recognized as an internal or external command,
operable program or batch file.
'C:\apps\resource_planner_web\run_flask_app.bat' is not recognized as an internal or external command,
operable program or batch file.
'C:\apps\resource_planner_web\run_flask_app.bat' is not recognized as an internal or external command,
operable program or batch file.
'C:\apps\resource_planner_web\run_flask_app.bat' is not recognized as an internal or external command,
operable program or batch file.
'C:\apps\resource_planner_web\run_flask_app.bat' is not recognized as an internal or external command,
operable program or batch file.
'C:\apps\resource_planner_web\run_flask_app.bat' is not recognized as an internal or external command,
operable program or batch file.
'C:\apps\resource_planner_web\run_flask_app.bat' is not recognized as an internal or external command,
operable program or batch file.
'C:\apps\resource_planner_web\run_flask_app.bat' is not recognized as an internal or external command,
operable program or batch file.
'C:\apps\resource_planner_web\run_flask_app.bat' is not recognized as an internal or external command,
operable program or batch file.
'C:\apps\resource_planner_web\run_flask_app.bat' is not recognized as an internal or external command,
operable program or batch file.
'C:\apps\resource_planner_web\run_flask_app.bat' is not recognized as an internal or external command,
operable program or batch file.
'C:\apps\resource_planner_web\run_flask_app.bat' is not recognized as an internal or external command,
operable program or batch file.
'C:\apps\resource_planner_web\run_flask_app.bat' is not recognized as an internal or external command,
operable program or batch file.
python-dotenv could not parse statement starting at line 11
python-dotenv could not parse statement starting at line 12
python-dotenv could not parse statement starting at line 11
python-dotenv could not parse statement starting at line 12
WARNING: This is a development server. Do not use it in a production deployment. Use a production WSGI server instead.
 * Running on all addresses (0.0.0.0)
 * Running on http://127.0.0.1:5000
 * Running on http://172.31.137.237:5000
Press CTRL+C to quit
python-dotenv could not parse statement starting at line 11
python-dotenv could not parse statement starting at line 12
python-dotenv could not parse statement starting at line 11
python-dotenv could not parse statement starting at line 12
WARNING: This is a development server. Do not use it in a production deployment. Use a production WSGI server instead.
 * Running on all addresses (0.0.0.0)
 * Running on http://127.0.0.1:5000
 * Running on http://172.31.137.237:5000
Press CTRL+C to quit
python-dotenv could not parse statement starting at line 11
python-dotenv could not parse statement starting at line 12
python-dotenv could not parse statement starting at line 11
python-dotenv could not parse statement starting at line 12
WARNING: This is a development server. Do not use it in a production deployment. Use a production WSGI server instead.
 * Running on all addresses (0.0.0.0)
 * Running on http://127.0.0.1:5000
 * Running on http://172.31.137.237:5000
Press CTRL+C to quit
python-dotenv could not parse statement starting at line 11
python-dotenv could not parse statement starting at line 12
python-dotenv could not parse statement starting at line 11
python-dotenv could not parse statement starting at line 12
WARNING: This is a development server. Do not use it in a production deployment. Use a production WSGI server instead.
 * Running on all addresses (0.0.0.0)
 * Running on http://127.0.0.1:5000
 * Running on http://172.31.137.237:5000
Press CTRL+C to quit
python-dotenv could not parse statement starting at line 11
python-dotenv could not parse statement starting at line 12
python-dotenv could not parse statement starting at line 11
python-dotenv could not parse statement starting at line 12
WARNING: This is a development server. Do not use it in a production deployment. Use a production WSGI server instead.
 * Running on all addresses (0.0.0.0)
 * Running on http://127.0.0.1:5000
 * Running on http://172.31.137.237:5000
Press CTRL+C to quit
Traceback (most recent call last):
  File "<string>", line 1, in <module>
    from app import app; app.run(host='0.0.0.0', port=5000)
    ^^^^^^^^^^^^^^^^^^^
  File "C:\apps\resource_planner_web\app.py", line 15, in <module>
    from models import TimesheetUpload, Project, Employee
ImportError: cannot import name 'TimesheetUpload' from 'models' (C:\apps\resource_planner_web\models.py)
Traceback (most recent call last):
  File "<string>", line 1, in <module>
    from app import app; app.run(host='0.0.0.0', port=5000)
    ^^^^^^^^^^^^^^^^^^^
  File "C:\apps\resource_planner_web\app.py", line 15, in <module>
    from models import TimesheetUpload, Project, Employee
ImportError: cannot import name 'TimesheetUpload' from 'models' (C:\apps\resource_planner_web\models.py)
Traceback (most recent call last):
  File "<string>", line 1, in <module>
    from app import app; app.run(host='0.0.0.0', port=5000)
    ^^^^^^^^^^^^^^^^^^^
  File "C:\apps\resource_planner_web\app.py", line 15, in <module>
    from models import TimesheetUpload, Project, Employee
ImportError: cannot import name 'TimesheetUpload' from 'models' (C:\apps\resource_planner_web\models.py)
Traceback (most recent call last):
  File "<string>", line 1, in <module>
    from app import app; app.run(host='0.0.0.0', port=5000)
    ^^^^^^^^^^^^^^^^^^^
  File "C:\apps\resource_planner_web\app.py", line 15, in <module>
    from models import TimesheetUpload, Project, Employee
ImportError: cannot import name 'TimesheetUpload' from 'models' (C:\apps\resource_planner_web\models.py)
Traceback (most recent call last):
  File "<string>", line 1, in <module>
    from app import app; app.run(host='0.0.0.0', port=5000)
    ^^^^^^^^^^^^^^^^^^^
  File "C:\apps\resource_planner_web\app.py", line 15, in <module>
    from models import TimesheetUpload, Project, Employee
ImportError: cannot import name 'TimesheetUpload' from 'models' (C:\apps\resource_planner_web\models.py)
Traceback (most recent call last):
  File "<string>", line 1, in <module>
    from app import app; app.run(host='0.0.0.0', port=5000)
    ^^^^^^^^^^^^^^^^^^^
  File "C:\apps\resource_planner_web\app.py", line 15, in <module>
    from models import TimesheetUpload, Project, Employee
ImportError: cannot import name 'TimesheetUpload' from 'models' (C:\apps\resource_planner_web\models.py)
^CTraceback (most recent call last):
  File "<string>", line 1, in <module>
    from app import app; app.run(host='0.0.0.0', port=5000)
    ^^^^^^^^^^^^^^^^^^^
  File "C:\apps\resource_planner_web\app.py", line 15, in <module>
    from models import TimesheetUpload, Project, Employee
ImportError: cannot import name 'TimesheetUpload' from 'models' (C:\apps\resource_planner_web\models.py)
Traceback (most recent call last):
  File "<string>", line 1, in <module>
    from app import app; app.run(host='0.0.0.0', port=5000)
    ^^^^^^^^^^^^^^^^^^^
  File "C:\apps\resource_planner_web\app.py", line 15, in <module>
    from models import TimesheetUpload, Project, Employee
ImportError: cannot import name 'TimesheetUpload' from 'models' (C:\apps\resource_planner_web\models.py)
Traceback (most recent call last):
  File "<string>", line 1, in <module>
    from app import app; app.run(host='0.0.0.0', port=5000)
    ^^^^^^^^^^^^^^^^^^^
  File "C:\apps\resource_planner_web\app.py", line 15, in <module>
    from models import TimesheetUpload, Project, Employee
ImportError: cannot import name 'TimesheetUpload' from 'models' (C:\apps\resource_planner_web\models.py)
Traceback (most recent call last):
  File "<string>", line 1, in <module>
    from app import app; app.run(host='0.0.0.0', port=5000)
    ^^^^^^^^^^^^^^^^^^^
  File "C:\apps\resource_planner_web\app.py", line 15, in <module>
    from models import TimesheetUpload, Project, Employee
ImportError: cannot import name 'TimesheetUpload' from 'models' (C:\apps\resource_planner_web\models.py)
Traceback (most recent call last):
  File "<string>", line 1, in <module>
    from app import app; app.run(host='0.0.0.0', port=5000)
    ^^^^^^^^^^^^^^^^^^^
  File "C:\apps\resource_planner_web\app.py", line 15, in <module>
    from models import TimesheetUpload, Project, Employee
ImportError: cannot import name 'TimesheetUpload' from 'models' (C:\apps\resource_planner_web\models.py)
Traceback (most recent call last):
  File "<string>", line 1, in <module>
    from app import app; app.run(host='0.0.0.0', port=5000)
    ^^^^^^^^^^^^^^^^^^^
  File "C:\apps\resource_planner_web\app.py", line 15, in <module>
    from models import TimesheetUpload, Project, Employee
ImportError: cannot import name 'TimesheetUpload' from 'models' (C:\apps\resource_planner_web\models.py)
python-dotenv could not parse statement starting at line 11
python-dotenv could not parse statement starting at line 12
python-dotenv could not parse statement starting at line 11
python-dotenv could not parse statement starting at line 12
WARNING: This is a development server. Do not use it in a production deployment. Use a production WSGI server instead.
 * Running on all addresses (0.0.0.0)
 * Running on http://127.0.0.1:5000
 * Running on http://172.31.137.237:5000
Press CTRL+C to quit
python-dotenv could not parse statement starting at line 11
python-dotenv could not parse statement starting at line 12
python-dotenv could not parse statement starting at line 11
python-dotenv could not parse statement starting at line 12
WARNING: This is a development server. Do not use it in a production deployment. Use a production WSGI server instead.
 * Running on all addresses (0.0.0.0)
 * Running on http://127.0.0.1:5000
 * Running on http://172.31.137.237:5000
Press CTRL+C to quit
python-dotenv could not parse statement starting at line 11
python-dotenv could not parse statement starting at line 12
python-dotenv could not parse statement starting at line 11
python-dotenv could not parse statement starting at line 12
WARNING: This is a development server. Do not use it in a production deployment. Use a production WSGI server instead.
 * Running on all addresses (0.0.0.0)
 * Running on http://127.0.0.1:5000
 * Running on http://172.31.137.237:5000
Press CTRL+C to quit
python-dotenv could not parse statement starting at line 11
python-dotenv could not parse statement starting at line 12
python-dotenv could not parse statement starting at line 11
python-dotenv could not parse statement starting at line 12
WARNING: This is a development server. Do not use it in a production deployment. Use a production WSGI server instead.
 * Running on all addresses (0.0.0.0)
 * Running on http://127.0.0.1:5000
 * Running on http://172.31.137.237:5000
Press CTRL+C to quit
python-dotenv could not parse statement starting at line 11
python-dotenv could not parse statement starting at line 12
Traceback (most recent call last):
  File "<string>", line 1, in <module>
    from app import app; app.run(host='0.0.0.0', port=5000)
    ^^^^^^^^^^^^^^^^^^^
  File "C:\apps\resource_planner_web\app.py", line 48, in <module>
    from reports.views import reports_bp
  File "C:\apps\resource_planner_web\reports\__init__.py", line 1, in <module>
    from .views import reports_bp
  File "C:\apps\resource_planner_web\reports\views.py", line 5, in <module>
    from models import db, EmployeeMonthlyUtilization  # <-- Import your new model here
    ^^^^^^^^^^^^^^^^^^^^^^^^^^^^^^^^^^^^^^^^^^^^^^^^^
ImportError: cannot import name 'EmployeeMonthlyUtilization' from 'models' (C:\apps\resource_planner_web\models.py)
python-dotenv could not parse statement starting at line 11
python-dotenv could not parse statement starting at line 12
Traceback (most recent call last):
  File "<string>", line 1, in <module>
    from app import app; app.run(host='0.0.0.0', port=5000)
    ^^^^^^^^^^^^^^^^^^^
  File "C:\apps\resource_planner_web\app.py", line 48, in <module>
    from reports.views import reports_bp
  File "C:\apps\resource_planner_web\reports\__init__.py", line 1, in <module>
    from .views import reports_bp
  File "C:\apps\resource_planner_web\reports\views.py", line 5, in <module>
    from models import db, EmployeeMonthlyUtilization  # <-- Import your new model here
    ^^^^^^^^^^^^^^^^^^^^^^^^^^^^^^^^^^^^^^^^^^^^^^^^^
ImportError: cannot import name 'EmployeeMonthlyUtilization' from 'models' (C:\apps\resource_planner_web\models.py)
python-dotenv could not parse statement starting at line 11
python-dotenv could not parse statement starting at line 12
Traceback (most recent call last):
  File "<string>", line 1, in <module>
    from app import app; app.run(host='0.0.0.0', port=5000)
    ^^^^^^^^^^^^^^^^^^^
  File "C:\apps\resource_planner_web\app.py", line 48, in <module>
    from reports.views import reports_bp
  File "C:\apps\resource_planner_web\reports\__init__.py", line 1, in <module>
    from .views import reports_bp
  File "C:\apps\resource_planner_web\reports\views.py", line 5, in <module>
    from models import db, EmployeeMonthlyUtilization  # <-- Import your new model here
    ^^^^^^^^^^^^^^^^^^^^^^^^^^^^^^^^^^^^^^^^^^^^^^^^^
ImportError: cannot import name 'EmployeeMonthlyUtilization' from 'models' (C:\apps\resource_planner_web\models.py)
python-dotenv could not parse statement starting at line 11
python-dotenv could not parse statement starting at line 12
Traceback (most recent call last):
  File "<string>", line 1, in <module>
    from app import app; app.run(host='0.0.0.0', port=5000)
    ^^^^^^^^^^^^^^^^^^^
  File "C:\apps\resource_planner_web\app.py", line 48, in <module>
    from reports.views import reports_bp
  File "C:\apps\resource_planner_web\reports\__init__.py", line 1, in <module>
    from .views import reports_bp
  File "C:\apps\resource_planner_web\reports\views.py", line 5, in <module>
    from models import db, EmployeeMonthlyUtilization  # <-- Import your new model here
    ^^^^^^^^^^^^^^^^^^^^^^^^^^^^^^^^^^^^^^^^^^^^^^^^^
ImportError: cannot import name 'EmployeeMonthlyUtilization' from 'models' (C:\apps\resource_planner_web\models.py)
python-dotenv could not parse statement starting at line 11
python-dotenv could not parse statement starting at line 12
Traceback (most recent call last):
  File "<string>", line 1, in <module>
    from app import app; app.run(host='0.0.0.0', port=5000)
    ^^^^^^^^^^^^^^^^^^^
  File "C:\apps\resource_planner_web\app.py", line 48, in <module>
    from reports.views import reports_bp
  File "C:\apps\resource_planner_web\reports\__init__.py", line 1, in <module>
    from .views import reports_bp
  File "C:\apps\resource_planner_web\reports\views.py", line 5, in <module>
    from models import db, EmployeeMonthlyUtilization  # <-- Import your new model here
    ^^^^^^^^^^^^^^^^^^^^^^^^^^^^^^^^^^^^^^^^^^^^^^^^^
ImportError: cannot import name 'EmployeeMonthlyUtilization' from 'models' (C:\apps\resource_planner_web\models.py)
python-dotenv could not parse statement starting at line 11
python-dotenv could not parse statement starting at line 12
Traceback (most recent call last):
  File "<string>", line 1, in <module>
    from app import app; app.run(host='0.0.0.0', port=5000)
    ^^^^^^^^^^^^^^^^^^^
  File "C:\apps\resource_planner_web\app.py", line 48, in <module>
    from reports.views import reports_bp
  File "C:\apps\resource_planner_web\reports\__init__.py", line 1, in <module>
    from .views import reports_bp
  File "C:\apps\resource_planner_web\reports\views.py", line 5, in <module>
    from models import db, EmployeeMonthlyUtilization  # <-- Import your new model here
    ^^^^^^^^^^^^^^^^^^^^^^^^^^^^^^^^^^^^^^^^^^^^^^^^^
ImportError: cannot import name 'EmployeeMonthlyUtilization' from 'models' (C:\apps\resource_planner_web\models.py)
python-dotenv could not parse statement starting at line 11
python-dotenv could not parse statement starting at line 12
Traceback (most recent call last):
  File "<string>", line 1, in <module>
    from app import app; app.run(host='0.0.0.0', port=5000)
    ^^^^^^^^^^^^^^^^^^^
  File "C:\apps\resource_planner_web\app.py", line 48, in <module>
    from reports.views import reports_bp
  File "C:\apps\resource_planner_web\reports\__init__.py", line 1, in <module>
    from .views import reports_bp
  File "C:\apps\resource_planner_web\reports\views.py", line 5, in <module>
    from models import db, EmployeeMonthlyUtilization  # <-- Import your new model here
    ^^^^^^^^^^^^^^^^^^^^^^^^^^^^^^^^^^^^^^^^^^^^^^^^^
ImportError: cannot import name 'EmployeeMonthlyUtilization' from 'models' (C:\apps\resource_planner_web\models.py)
python-dotenv could not parse statement starting at line 11
python-dotenv could not parse statement starting at line 12
Traceback (most recent call last):
  File "<string>", line 1, in <module>
    from app import app; app.run(host='0.0.0.0', port=5000)
    ^^^^^^^^^^^^^^^^^^^
  File "C:\apps\resource_planner_web\app.py", line 48, in <module>
    from reports.views import reports_bp
  File "C:\apps\resource_planner_web\reports\__init__.py", line 1, in <module>
    from .views import reports_bp
  File "C:\apps\resource_planner_web\reports\views.py", line 5, in <module>
    from models import db, EmployeeMonthlyUtilization  # <-- Import your new model here
    ^^^^^^^^^^^^^^^^^^^^^^^^^^^^^^^^^^^^^^^^^^^^^^^^^
ImportError: cannot import name 'EmployeeMonthlyUtilization' from 'models' (C:\apps\resource_planner_web\models.py)
Traceback (most recent call last):
  File "<string>", line 1, in <module>
    from app import app; app.run(host='0.0.0.0', port=5000)
    ^^^^^^^^^^^^^^^^^^^
ModuleNotFoundError: No module named 'app'
python-dotenv could not parse statement starting at line 11
python-dotenv could not parse statement starting at line 12
python-dotenv could not parse statement starting at line 11
python-dotenv could not parse statement starting at line 12
WARNING: This is a development server. Do not use it in a production deployment. Use a production WSGI server instead.
 * Running on all addresses (0.0.0.0)
 * Running on http://127.0.0.1:5000
 * Running on http://172.31.137.237:5000
Press CTRL+C to quit
python-dotenv could not parse statement starting at line 11
python-dotenv could not parse statement starting at line 12
python-dotenv could not parse statement starting at line 11
python-dotenv could not parse statement starting at line 12
WARNING: This is a development server. Do not use it in a production deployment. Use a production WSGI server instead.
 * Running on all addresses (0.0.0.0)
 * Running on http://127.0.0.1:5000
 * Running on http://172.31.137.237:5000
Press CTRL+C to quit
python-dotenv could not parse statement starting at line 11
python-dotenv could not parse statement starting at line 12
python-dotenv could not parse statement starting at line 11
python-dotenv could not parse statement starting at line 12
WARNING: This is a development server. Do not use it in a production deployment. Use a production WSGI server instead.
 * Running on all addresses (0.0.0.0)
 * Running on http://127.0.0.1:5000
 * Running on http://172.31.137.237:5000
Press CTRL+C to quit
python-dotenv could not parse statement starting at line 11
python-dotenv could not parse statement starting at line 12
python-dotenv could not parse statement starting at line 11
python-dotenv could not parse statement starting at line 12
WARNING: This is a development server. Do not use it in a production deployment. Use a production WSGI server instead.
 * Running on all addresses (0.0.0.0)
 * Running on http://127.0.0.1:5000
 * Running on http://172.31.137.237:5000
Press CTRL+C to quit
Traceback (most recent call last):
  File "<string>", line 1, in <module>
    from app import app; app.run(host='0.0.0.0', port=5000)
    ^^^^^^^^^^^^^^^^^^^
  File "C:\apps\resource_planner_web\app.py", line 15, in <module>
    from models import TimesheetUpload, Project, Employee
ImportError: cannot import name 'TimesheetUpload' from 'models' (C:\apps\resource_planner_web\models.py)
Traceback (most recent call last):
  File "<string>", line 1, in <module>
    from app import app; app.run(host='0.0.0.0', port=5000)
    ^^^^^^^^^^^^^^^^^^^
  File "C:\apps\resource_planner_web\app.py", line 15, in <module>
    from models import TimesheetUpload, Project, Employee
ImportError: cannot import name 'TimesheetUpload' from 'models' (C:\apps\resource_planner_web\models.py)
Traceback (most recent call last):
  File "<string>", line 1, in <module>
    from app import app; app.run(host='0.0.0.0', port=5000)
    ^^^^^^^^^^^^^^^^^^^
  File "C:\apps\resource_planner_web\app.py", line 15, in <module>
    from models import TimesheetUpload, Project, Employee
ImportError: cannot import name 'TimesheetUpload' from 'models' (C:\apps\resource_planner_web\models.py)
Traceback (most recent call last):
  File "<string>", line 1, in <module>
    from app import app; app.run(host='0.0.0.0', port=5000)
    ^^^^^^^^^^^^^^^^^^^
  File "C:\apps\resource_planner_web\app.py", line 15, in <module>
    from models import TimesheetUpload, Project, Employee
ImportError: cannot import name 'TimesheetUpload' from 'models' (C:\apps\resource_planner_web\models.py)
Traceback (most recent call last):
  File "<string>", line 1, in <module>
    from app import app; app.run(host='0.0.0.0', port=5000)
    ^^^^^^^^^^^^^^^^^^^
  File "C:\apps\resource_planner_web\app.py", line 15, in <module>
    from models import TimesheetUpload, Project, Employee
ImportError: cannot import name 'TimesheetUpload' from 'models' (C:\apps\resource_planner_web\models.py)
Traceback (most recent call last):
  File "<string>", line 1, in <module>
    from app import app; app.run(host='0.0.0.0', port=5000)
    ^^^^^^^^^^^^^^^^^^^
  File "C:\apps\resource_planner_web\app.py", line 15, in <module>
    from models import TimesheetUpload, Project, Employee
ImportError: cannot import name 'TimesheetUpload' from 'models' (C:\apps\resource_planner_web\models.py)
Traceback (most recent call last):
  File "<string>", line 1, in <module>
    from app import app; app.run(host='0.0.0.0', port=5000)
    ^^^^^^^^^^^^^^^^^^^
  File "C:\apps\resource_planner_web\app.py", line 15, in <module>
    from models import TimesheetUpload, Project, Employee
ImportError: cannot import name 'TimesheetUpload' from 'models' (C:\apps\resource_planner_web\models.py)
Traceback (most recent call last):
  File "<string>", line 1, in <module>
    from app import app; app.run(host='0.0.0.0', port=5000)
    ^^^^^^^^^^^^^^^^^^^
  File "C:\apps\resource_planner_web\app.py", line 15, in <module>
    from models import TimesheetUpload, Project, Employee
ImportError: cannot import name 'TimesheetUpload' from 'models' (C:\apps\resource_planner_web\models.py)
Traceback (most recent call last):
  File "<string>", line 1, in <module>
    from app import app; app.run(host='0.0.0.0', port=5000)
    ^^^^^^^^^^^^^^^^^^^
  File "C:\apps\resource_planner_web\app.py", line 15, in <module>
    from models import TimesheetUpload, Project, Employee
ImportError: cannot import name 'TimesheetUpload' from 'models' (C:\apps\resource_planner_web\models.py)
Traceback (most recent call last):
  File "<string>", line 1, in <module>
    from app import app; app.run(host='0.0.0.0', port=5000)
    ^^^^^^^^^^^^^^^^^^^
  File "C:\apps\resource_planner_web\app.py", line 15, in <module>
    from models import TimesheetUpload, Project, Employee
ImportError: cannot import name 'TimesheetUpload' from 'models' (C:\apps\resource_planner_web\models.py)
Traceback (most recent call last):
  File "<string>", line 1, in <module>
    from app import app; app.run(host='0.0.0.0', port=5000)
    ^^^^^^^^^^^^^^^^^^^
  File "C:\apps\resource_planner_web\app.py", line 15, in <module>
    from models import TimesheetUpload, Project, Employee
ModuleNotFoundError: No module named 'models'
python-dotenv could not parse statement starting at line 11
python-dotenv could not parse statement starting at line 12
python-dotenv could not parse statement starting at line 11
python-dotenv could not parse statement starting at line 12
WARNING: This is a development server. Do not use it in a production deployment. Use a production WSGI server instead.
 * Running on all addresses (0.0.0.0)
 * Running on http://127.0.0.1:5000
 * Running on http://172.31.137.237:5000
Press CTRL+C to quit
python-dotenv could not parse statement starting at line 11
python-dotenv could not parse statement starting at line 12
python-dotenv could not parse statement starting at line 11
python-dotenv could not parse statement starting at line 12
WARNING: This is a development server. Do not use it in a production deployment. Use a production WSGI server instead.
 * Running on all addresses (0.0.0.0)
 * Running on http://127.0.0.1:5000
 * Running on http://172.31.137.237:5000
Press CTRL+C to quit
Traceback (most recent call last):
  File "<string>", line 1, in <module>
    from app import app; app.run(host='0.0.0.0', port=5000)
    ^^^^^^^^^^^^^^^^^^^
  File "C:\apps\resource_planner_web\app.py", line 15, in <module>
    from models import TimesheetUpload, Project, Employee
  File "C:\apps\resource_planner_web\models.py", line 382, in <module>
    @event.listens_for(Employee, 'before_compile', retval=True)
     ~~~~~~~~~~~~~~~~~^^^^^^^^^^^^^^^^^^^^^^^^^^^^^^^^^^^^^^^^^
  File "C:\apps\resource_planner_web\venv\Lib\site-packages\sqlalchemy\event\api.py", line 167, in decorate
    listen(target, identifier, fn, *args, **kw)
    ~~~~~~^^^^^^^^^^^^^^^^^^^^^^^^^^^^^^^^^^^^^
  File "C:\apps\resource_planner_web\venv\Lib\site-packages\sqlalchemy\event\api.py", line 123, in listen
    _event_key(target, identifier, fn).listen(*args, **kw)
    ~~~~~~~~~~^^^^^^^^^^^^^^^^^^^^^^^^
  File "C:\apps\resource_planner_web\venv\Lib\site-packages\sqlalchemy\event\api.py", line 36, in _event_key
    raise exc.InvalidRequestError(
        "No such event '%s' for target '%s'" % (identifier, target)
    )
sqlalchemy.exc.InvalidRequestError: No such event 'before_compile' for target '<class 'models.Employee'>'
Traceback (most recent call last):
  File "<string>", line 1, in <module>
    from app import app; app.run(host='0.0.0.0', port=5000)
    ^^^^^^^^^^^^^^^^^^^
  File "C:\apps\resource_planner_web\app.py", line 15, in <module>
    from models import TimesheetUpload, Project, Employee
  File "C:\apps\resource_planner_web\models.py", line 382, in <module>
    @event.listens_for(Employee, 'before_compile', retval=True)
     ~~~~~~~~~~~~~~~~~^^^^^^^^^^^^^^^^^^^^^^^^^^^^^^^^^^^^^^^^^
  File "C:\apps\resource_planner_web\venv\Lib\site-packages\sqlalchemy\event\api.py", line 167, in decorate
    listen(target, identifier, fn, *args, **kw)
    ~~~~~~^^^^^^^^^^^^^^^^^^^^^^^^^^^^^^^^^^^^^
  File "C:\apps\resource_planner_web\venv\Lib\site-packages\sqlalchemy\event\api.py", line 123, in listen
    _event_key(target, identifier, fn).listen(*args, **kw)
    ~~~~~~~~~~^^^^^^^^^^^^^^^^^^^^^^^^
  File "C:\apps\resource_planner_web\venv\Lib\site-packages\sqlalchemy\event\api.py", line 36, in _event_key
    raise exc.InvalidRequestError(
        "No such event '%s' for target '%s'" % (identifier, target)
    )
sqlalchemy.exc.InvalidRequestError: No such event 'before_compile' for target '<class 'models.Employee'>'
Traceback (most recent call last):
  File "<string>", line 1, in <module>
    from app import app; app.run(host='0.0.0.0', port=5000)
    ^^^^^^^^^^^^^^^^^^^
  File "C:\apps\resource_planner_web\app.py", line 15, in <module>
    from models import TimesheetUpload, Project, Employee
  File "C:\apps\resource_planner_web\models.py", line 382, in <module>
    @event.listens_for(Employee, 'before_compile', retval=True)
     ~~~~~~~~~~~~~~~~~^^^^^^^^^^^^^^^^^^^^^^^^^^^^^^^^^^^^^^^^^
  File "C:\apps\resource_planner_web\venv\Lib\site-packages\sqlalchemy\event\api.py", line 167, in decorate
    listen(target, identifier, fn, *args, **kw)
    ~~~~~~^^^^^^^^^^^^^^^^^^^^^^^^^^^^^^^^^^^^^
  File "C:\apps\resource_planner_web\venv\Lib\site-packages\sqlalchemy\event\api.py", line 123, in listen
    _event_key(target, identifier, fn).listen(*args, **kw)
    ~~~~~~~~~~^^^^^^^^^^^^^^^^^^^^^^^^
  File "C:\apps\resource_planner_web\venv\Lib\site-packages\sqlalchemy\event\api.py", line 36, in _event_key
    raise exc.InvalidRequestError(
        "No such event '%s' for target '%s'" % (identifier, target)
    )
sqlalchemy.exc.InvalidRequestError: No such event 'before_compile' for target '<class 'models.Employee'>'
Traceback (most recent call last):
  File "<string>", line 1, in <module>
    from app import app; app.run(host='0.0.0.0', port=5000)
    ^^^^^^^^^^^^^^^^^^^
  File "C:\apps\resource_planner_web\app.py", line 15, in <module>
    from models import TimesheetUpload, Project, Employee
  File "C:\apps\resource_planner_web\models.py", line 382, in <module>
    @event.listens_for(Employee, 'before_compile', retval=True)
     ~~~~~~~~~~~~~~~~~^^^^^^^^^^^^^^^^^^^^^^^^^^^^^^^^^^^^^^^^^
  File "C:\apps\resource_planner_web\venv\Lib\site-packages\sqlalchemy\event\api.py", line 167, in decorate
    listen(target, identifier, fn, *args, **kw)
    ~~~~~~^^^^^^^^^^^^^^^^^^^^^^^^^^^^^^^^^^^^^
  File "C:\apps\resource_planner_web\venv\Lib\site-packages\sqlalchemy\event\api.py", line 123, in listen
    _event_key(target, identifier, fn).listen(*args, **kw)
    ~~~~~~~~~~^^^^^^^^^^^^^^^^^^^^^^^^
  File "C:\apps\resource_planner_web\venv\Lib\site-packages\sqlalchemy\event\api.py", line 36, in _event_key
    raise exc.InvalidRequestError(
        "No such event '%s' for target '%s'" % (identifier, target)
    )
sqlalchemy.exc.InvalidRequestError: No such event 'before_compile' for target '<class 'models.Employee'>'
Traceback (most recent call last):
  File "<string>", line 1, in <module>
    from app import app; app.run(host='0.0.0.0', port=5000)
    ^^^^^^^^^^^^^^^^^^^
  File "C:\apps\resource_planner_web\app.py", line 15, in <module>
    from models import TimesheetUpload, Project, Employee
  File "C:\apps\resource_planner_web\models.py", line 382, in <module>
    @event.listens_for(Employee, 'before_compile', retval=True)
     ~~~~~~~~~~~~~~~~~^^^^^^^^^^^^^^^^^^^^^^^^^^^^^^^^^^^^^^^^^
  File "C:\apps\resource_planner_web\venv\Lib\site-packages\sqlalchemy\event\api.py", line 167, in decorate
    listen(target, identifier, fn, *args, **kw)
    ~~~~~~^^^^^^^^^^^^^^^^^^^^^^^^^^^^^^^^^^^^^
  File "C:\apps\resource_planner_web\venv\Lib\site-packages\sqlalchemy\event\api.py", line 123, in listen
    _event_key(target, identifier, fn).listen(*args, **kw)
    ~~~~~~~~~~^^^^^^^^^^^^^^^^^^^^^^^^
  File "C:\apps\resource_planner_web\venv\Lib\site-packages\sqlalchemy\event\api.py", line 36, in _event_key
    raise exc.InvalidRequestError(
        "No such event '%s' for target '%s'" % (identifier, target)
    )
sqlalchemy.exc.InvalidRequestError: No such event 'before_compile' for target '<class 'models.Employee'>'
Traceback (most recent call last):
  File "<string>", line 1, in <module>
    from app import app; app.run(host='0.0.0.0', port=5000)
    ^^^^^^^^^^^^^^^^^^^
  File "C:\apps\resource_planner_web\app.py", line 15, in <module>
    from models import TimesheetUpload, Project, Employee
  File "C:\apps\resource_planner_web\models.py", line 382, in <module>
    @event.listens_for(Employee, 'before_compile', retval=True)
     ~~~~~~~~~~~~~~~~~^^^^^^^^^^^^^^^^^^^^^^^^^^^^^^^^^^^^^^^^^
  File "C:\apps\resource_planner_web\venv\Lib\site-packages\sqlalchemy\event\api.py", line 167, in decorate
    listen(target, identifier, fn, *args, **kw)
    ~~~~~~^^^^^^^^^^^^^^^^^^^^^^^^^^^^^^^^^^^^^
  File "C:\apps\resource_planner_web\venv\Lib\site-packages\sqlalchemy\event\api.py", line 123, in listen
    _event_key(target, identifier, fn).listen(*args, **kw)
    ~~~~~~~~~~^^^^^^^^^^^^^^^^^^^^^^^^
  File "C:\apps\resource_planner_web\venv\Lib\site-packages\sqlalchemy\event\api.py", line 36, in _event_key
    raise exc.InvalidRequestError(
        "No such event '%s' for target '%s'" % (identifier, target)
    )
sqlalchemy.exc.InvalidRequestError: No such event 'before_compile' for target '<class 'models.Employee'>'
Traceback (most recent call last):
  File "<string>", line 1, in <module>
    from app import app; app.run(host='0.0.0.0', port=5000)
    ^^^^^^^^^^^^^^^^^^^
  File "C:\apps\resource_planner_web\app.py", line 15, in <module>
    from models import TimesheetUpload, Project, Employee
  File "C:\apps\resource_planner_web\models.py", line 382, in <module>
    @event.listens_for(Employee, 'before_compile', retval=True)
     ~~~~~~~~~~~~~~~~~^^^^^^^^^^^^^^^^^^^^^^^^^^^^^^^^^^^^^^^^^
  File "C:\apps\resource_planner_web\venv\Lib\site-packages\sqlalchemy\event\api.py", line 167, in decorate
    listen(target, identifier, fn, *args, **kw)
    ~~~~~~^^^^^^^^^^^^^^^^^^^^^^^^^^^^^^^^^^^^^
  File "C:\apps\resource_planner_web\venv\Lib\site-packages\sqlalchemy\event\api.py", line 123, in listen
    _event_key(target, identifier, fn).listen(*args, **kw)
    ~~~~~~~~~~^^^^^^^^^^^^^^^^^^^^^^^^
  File "C:\apps\resource_planner_web\venv\Lib\site-packages\sqlalchemy\event\api.py", line 36, in _event_key
    raise exc.InvalidRequestError(
        "No such event '%s' for target '%s'" % (identifier, target)
    )
sqlalchemy.exc.InvalidRequestError: No such event 'before_compile' for target '<class 'models.Employee'>'
Traceback (most recent call last):
  File "<string>", line 1, in <module>
    from app import app; app.run(host='0.0.0.0', port=5000)
    ^^^^^^^^^^^^^^^^^^^
  File "C:\apps\resource_planner_web\app.py", line 15, in <module>
    from models import TimesheetUpload, Project, Employee
  File "C:\apps\resource_planner_web\models.py", line 382, in <module>
    @event.listens_for(Employee, 'before_compile', retval=True)
     ~~~~~~~~~~~~~~~~~^^^^^^^^^^^^^^^^^^^^^^^^^^^^^^^^^^^^^^^^^
  File "C:\apps\resource_planner_web\venv\Lib\site-packages\sqlalchemy\event\api.py", line 167, in decorate
    listen(target, identifier, fn, *args, **kw)
    ~~~~~~^^^^^^^^^^^^^^^^^^^^^^^^^^^^^^^^^^^^^
  File "C:\apps\resource_planner_web\venv\Lib\site-packages\sqlalchemy\event\api.py", line 123, in listen
    _event_key(target, identifier, fn).listen(*args, **kw)
    ~~~~~~~~~~^^^^^^^^^^^^^^^^^^^^^^^^
  File "C:\apps\resource_planner_web\venv\Lib\site-packages\sqlalchemy\event\api.py", line 36, in _event_key
    raise exc.InvalidRequestError(
        "No such event '%s' for target '%s'" % (identifier, target)
    )
sqlalchemy.exc.InvalidRequestError: No such event 'before_compile' for target '<class 'models.Employee'>'
Traceback (most recent call last):
  File "<string>", line 1, in <module>
    from app import app; app.run(host='0.0.0.0', port=5000)
    ^^^^^^^^^^^^^^^^^^^
  File "C:\apps\resource_planner_web\app.py", line 15, in <module>
    from models import TimesheetUpload, Project, Employee
  File "C:\apps\resource_planner_web\models.py", line 382, in <module>
    @event.listens_for(Employee, 'before_compile', retval=True)
     ~~~~~~~~~~~~~~~~~^^^^^^^^^^^^^^^^^^^^^^^^^^^^^^^^^^^^^^^^^
  File "C:\apps\resource_planner_web\venv\Lib\site-packages\sqlalchemy\event\api.py", line 167, in decorate
    listen(target, identifier, fn, *args, **kw)
    ~~~~~~^^^^^^^^^^^^^^^^^^^^^^^^^^^^^^^^^^^^^
  File "C:\apps\resource_planner_web\venv\Lib\site-packages\sqlalchemy\event\api.py", line 123, in listen
    _event_key(target, identifier, fn).listen(*args, **kw)
    ~~~~~~~~~~^^^^^^^^^^^^^^^^^^^^^^^^
  File "C:\apps\resource_planner_web\venv\Lib\site-packages\sqlalchemy\event\api.py", line 36, in _event_key
    raise exc.InvalidRequestError(
        "No such event '%s' for target '%s'" % (identifier, target)
    )
sqlalchemy.exc.InvalidRequestError: No such event 'before_compile' for target '<class 'models.Employee'>'
Traceback (most recent call last):
  File "<string>", line 1, in <module>
    from app import app; app.run(host='0.0.0.0', port=5000)
    ^^^^^^^^^^^^^^^^^^^
  File "C:\apps\resource_planner_web\app.py", line 15, in <module>
    from models import TimesheetUpload, Project, Employee
  File "C:\apps\resource_planner_web\models.py", line 382, in <module>
    @event.listens_for(Employee, 'before_compile', retval=True)
     ~~~~~~~~~~~~~~~~~^^^^^^^^^^^^^^^^^^^^^^^^^^^^^^^^^^^^^^^^^
  File "C:\apps\resource_planner_web\venv\Lib\site-packages\sqlalchemy\event\api.py", line 167, in decorate
    listen(target, identifier, fn, *args, **kw)
    ~~~~~~^^^^^^^^^^^^^^^^^^^^^^^^^^^^^^^^^^^^^
  File "C:\apps\resource_planner_web\venv\Lib\site-packages\sqlalchemy\event\api.py", line 123, in listen
    _event_key(target, identifier, fn).listen(*args, **kw)
    ~~~~~~~~~~^^^^^^^^^^^^^^^^^^^^^^^^
  File "C:\apps\resource_planner_web\venv\Lib\site-packages\sqlalchemy\event\api.py", line 36, in _event_key
    raise exc.InvalidRequestError(
        "No such event '%s' for target '%s'" % (identifier, target)
    )
sqlalchemy.exc.InvalidRequestError: No such event 'before_compile' for target '<class 'models.Employee'>'
Traceback (most recent call last):
  File "<string>", line 1, in <module>
    from app import app; app.run(host='0.0.0.0', port=5000)
    ^^^^^^^^^^^^^^^^^^^
  File "C:\apps\resource_planner_web\app.py", line 15, in <module>
    from models import TimesheetUpload, Project, Employee
  File "C:\apps\resource_planner_web\models.py", line 382, in <module>
    @event.listens_for(Employee, 'before_compile', retval=True)
     ~~~~~~~~~~~~~~~~~^^^^^^^^^^^^^^^^^^^^^^^^^^^^^^^^^^^^^^^^^
  File "C:\apps\resource_planner_web\venv\Lib\site-packages\sqlalchemy\event\api.py", line 167, in decorate
    listen(target, identifier, fn, *args, **kw)
    ~~~~~~^^^^^^^^^^^^^^^^^^^^^^^^^^^^^^^^^^^^^
  File "C:\apps\resource_planner_web\venv\Lib\site-packages\sqlalchemy\event\api.py", line 123, in listen
    _event_key(target, identifier, fn).listen(*args, **kw)
    ~~~~~~~~~~^^^^^^^^^^^^^^^^^^^^^^^^
  File "C:\apps\resource_planner_web\venv\Lib\site-packages\sqlalchemy\event\api.py", line 36, in _event_key
    raise exc.InvalidRequestError(
        "No such event '%s' for target '%s'" % (identifier, target)
    )
sqlalchemy.exc.InvalidRequestError: No such event 'before_compile' for target '<class 'models.Employee'>'
Traceback (most recent call last):
  File "<string>", line 1, in <module>
    from app import app; app.run(host='0.0.0.0', port=5000)
    ^^^^^^^^^^^^^^^^^^^
  File "C:\apps\resource_planner_web\app.py", line 15, in <module>
    from models import TimesheetUpload, Project, Employee
  File "C:\apps\resource_planner_web\models.py", line 382, in <module>
    @event.listens_for(Employee, 'before_compile', retval=True)
     ~~~~~~~~~~~~~~~~~^^^^^^^^^^^^^^^^^^^^^^^^^^^^^^^^^^^^^^^^^
  File "C:\apps\resource_planner_web\venv\Lib\site-packages\sqlalchemy\event\api.py", line 167, in decorate
    listen(target, identifier, fn, *args, **kw)
    ~~~~~~^^^^^^^^^^^^^^^^^^^^^^^^^^^^^^^^^^^^^
  File "C:\apps\resource_planner_web\venv\Lib\site-packages\sqlalchemy\event\api.py", line 123, in listen
    _event_key(target, identifier, fn).listen(*args, **kw)
    ~~~~~~~~~~^^^^^^^^^^^^^^^^^^^^^^^^
  File "C:\apps\resource_planner_web\venv\Lib\site-packages\sqlalchemy\event\api.py", line 36, in _event_key
    raise exc.InvalidRequestError(
        "No such event '%s' for target '%s'" % (identifier, target)
    )
sqlalchemy.exc.InvalidRequestError: No such event 'before_compile' for target '<class 'models.Employee'>'
Traceback (most recent call last):
  File "<string>", line 1, in <module>
    from app import app; app.run(host='0.0.0.0', port=5000)
    ^^^^^^^^^^^^^^^^^^^
  File "C:\apps\resource_planner_web\app.py", line 15, in <module>
    from models import TimesheetUpload, Project, Employee
  File "C:\apps\resource_planner_web\models.py", line 382, in <module>
    @event.listens_for(Employee, 'before_compile', retval=True)
     ~~~~~~~~~~~~~~~~~^^^^^^^^^^^^^^^^^^^^^^^^^^^^^^^^^^^^^^^^^
  File "C:\apps\resource_planner_web\venv\Lib\site-packages\sqlalchemy\event\api.py", line 167, in decorate
    listen(target, identifier, fn, *args, **kw)
    ~~~~~~^^^^^^^^^^^^^^^^^^^^^^^^^^^^^^^^^^^^^
  File "C:\apps\resource_planner_web\venv\Lib\site-packages\sqlalchemy\event\api.py", line 123, in listen
    _event_key(target, identifier, fn).listen(*args, **kw)
    ~~~~~~~~~~^^^^^^^^^^^^^^^^^^^^^^^^
  File "C:\apps\resource_planner_web\venv\Lib\site-packages\sqlalchemy\event\api.py", line 36, in _event_key
    raise exc.InvalidRequestError(
        "No such event '%s' for target '%s'" % (identifier, target)
    )
sqlalchemy.exc.InvalidRequestError: No such event 'before_compile' for target '<class 'models.Employee'>'
Traceback (most recent call last):
  File "<string>", line 1, in <module>
    from app import app; app.run(host='0.0.0.0', port=5000)
    ^^^^^^^^^^^^^^^^^^^
  File "C:\apps\resource_planner_web\app.py", line 15, in <module>
    from models import TimesheetUpload, Project, Employee
  File "C:\apps\resource_planner_web\models.py", line 382, in <module>
    @event.listens_for(Employee, 'before_compile', retval=True)
     ~~~~~~~~~~~~~~~~~^^^^^^^^^^^^^^^^^^^^^^^^^^^^^^^^^^^^^^^^^
  File "C:\apps\resource_planner_web\venv\Lib\site-packages\sqlalchemy\event\api.py", line 167, in decorate
    listen(target, identifier, fn, *args, **kw)
    ~~~~~~^^^^^^^^^^^^^^^^^^^^^^^^^^^^^^^^^^^^^
  File "C:\apps\resource_planner_web\venv\Lib\site-packages\sqlalchemy\event\api.py", line 123, in listen
    _event_key(target, identifier, fn).listen(*args, **kw)
    ~~~~~~~~~~^^^^^^^^^^^^^^^^^^^^^^^^
  File "C:\apps\resource_planner_web\venv\Lib\site-packages\sqlalchemy\event\api.py", line 36, in _event_key
    raise exc.InvalidRequestError(
        "No such event '%s' for target '%s'" % (identifier, target)
    )
sqlalchemy.exc.InvalidRequestError: No such event 'before_compile' for target '<class 'models.Employee'>'
Traceback (most recent call last):
  File "<string>", line 1, in <module>
    from app import app; app.run(host='0.0.0.0', port=5000)
    ^^^^^^^^^^^^^^^^^^^
  File "C:\apps\resource_planner_web\app.py", line 15, in <module>
    from models import TimesheetUpload, Project, Employee
  File "C:\apps\resource_planner_web\models.py", line 382, in <module>
    @event.listens_for(Employee, 'before_compile', retval=True)
     ~~~~~~~~~~~~~~~~~^^^^^^^^^^^^^^^^^^^^^^^^^^^^^^^^^^^^^^^^^
  File "C:\apps\resource_planner_web\venv\Lib\site-packages\sqlalchemy\event\api.py", line 167, in decorate
    listen(target, identifier, fn, *args, **kw)
    ~~~~~~^^^^^^^^^^^^^^^^^^^^^^^^^^^^^^^^^^^^^
  File "C:\apps\resource_planner_web\venv\Lib\site-packages\sqlalchemy\event\api.py", line 123, in listen
    _event_key(target, identifier, fn).listen(*args, **kw)
    ~~~~~~~~~~^^^^^^^^^^^^^^^^^^^^^^^^
  File "C:\apps\resource_planner_web\venv\Lib\site-packages\sqlalchemy\event\api.py", line 36, in _event_key
    raise exc.InvalidRequestError(
        "No such event '%s' for target '%s'" % (identifier, target)
    )
sqlalchemy.exc.InvalidRequestError: No such event 'before_compile' for target '<class 'models.Employee'>'
Traceback (most recent call last):
  File "<string>", line 1, in <module>
    from app import app; app.run(host='0.0.0.0', port=5000)
    ^^^^^^^^^^^^^^^^^^^
  File "C:\apps\resource_planner_web\app.py", line 15, in <module>
    from models import TimesheetUpload, Project, Employee
  File "C:\apps\resource_planner_web\models.py", line 382, in <module>
    @event.listens_for(Employee, 'before_compile', retval=True)
     ~~~~~~~~~~~~~~~~~^^^^^^^^^^^^^^^^^^^^^^^^^^^^^^^^^^^^^^^^^
  File "C:\apps\resource_planner_web\venv\Lib\site-packages\sqlalchemy\event\api.py", line 167, in decorate
    listen(target, identifier, fn, *args, **kw)
    ~~~~~~^^^^^^^^^^^^^^^^^^^^^^^^^^^^^^^^^^^^^
  File "C:\apps\resource_planner_web\venv\Lib\site-packages\sqlalchemy\event\api.py", line 123, in listen
    _event_key(target, identifier, fn).listen(*args, **kw)
    ~~~~~~~~~~^^^^^^^^^^^^^^^^^^^^^^^^
  File "C:\apps\resource_planner_web\venv\Lib\site-packages\sqlalchemy\event\api.py", line 36, in _event_key
    raise exc.InvalidRequestError(
        "No such event '%s' for target '%s'" % (identifier, target)
    )
sqlalchemy.exc.InvalidRequestError: No such event 'before_compile' for target '<class 'models.Employee'>'
Traceback (most recent call last):
  File "<string>", line 1, in <module>
    from app import app; app.run(host='0.0.0.0', port=5000)
    ^^^^^^^^^^^^^^^^^^^
  File "C:\apps\resource_planner_web\app.py", line 15, in <module>
    from models import TimesheetUpload, Project, Employee
  File "C:\apps\resource_planner_web\models.py", line 382, in <module>
    @event.listens_for(Employee, 'before_compile', retval=True)
     ~~~~~~~~~~~~~~~~~^^^^^^^^^^^^^^^^^^^^^^^^^^^^^^^^^^^^^^^^^
  File "C:\apps\resource_planner_web\venv\Lib\site-packages\sqlalchemy\event\api.py", line 167, in decorate
    listen(target, identifier, fn, *args, **kw)
    ~~~~~~^^^^^^^^^^^^^^^^^^^^^^^^^^^^^^^^^^^^^
  File "C:\apps\resource_planner_web\venv\Lib\site-packages\sqlalchemy\event\api.py", line 123, in listen
    _event_key(target, identifier, fn).listen(*args, **kw)
    ~~~~~~~~~~^^^^^^^^^^^^^^^^^^^^^^^^
  File "C:\apps\resource_planner_web\venv\Lib\site-packages\sqlalchemy\event\api.py", line 36, in _event_key
    raise exc.InvalidRequestError(
        "No such event '%s' for target '%s'" % (identifier, target)
    )
sqlalchemy.exc.InvalidRequestError: No such event 'before_compile' for target '<class 'models.Employee'>'
Traceback (most recent call last):
  File "<string>", line 1, in <module>
    from app import app; app.run(host='0.0.0.0', port=5000)
    ^^^^^^^^^^^^^^^^^^^
  File "C:\apps\resource_planner_web\app.py", line 15, in <module>
    from models import TimesheetUpload, Project, Employee
  File "C:\apps\resource_planner_web\models.py", line 382, in <module>
    @event.listens_for(Employee, 'before_compile', retval=True)
     ~~~~~~~~~~~~~~~~~^^^^^^^^^^^^^^^^^^^^^^^^^^^^^^^^^^^^^^^^^
  File "C:\apps\resource_planner_web\venv\Lib\site-packages\sqlalchemy\event\api.py", line 167, in decorate
    listen(target, identifier, fn, *args, **kw)
    ~~~~~~^^^^^^^^^^^^^^^^^^^^^^^^^^^^^^^^^^^^^
  File "C:\apps\resource_planner_web\venv\Lib\site-packages\sqlalchemy\event\api.py", line 123, in listen
    _event_key(target, identifier, fn).listen(*args, **kw)
    ~~~~~~~~~~^^^^^^^^^^^^^^^^^^^^^^^^
  File "C:\apps\resource_planner_web\venv\Lib\site-packages\sqlalchemy\event\api.py", line 36, in _event_key
    raise exc.InvalidRequestError(
        "No such event '%s' for target '%s'" % (identifier, target)
    )
sqlalchemy.exc.InvalidRequestError: No such event 'before_compile' for target '<class 'models.Employee'>'
Traceback (most recent call last):
  File "<string>", line 1, in <module>
    from app import app; app.run(host='0.0.0.0', port=5000)
    ^^^^^^^^^^^^^^^^^^^
  File "C:\apps\resource_planner_web\app.py", line 15, in <module>
    from models import TimesheetUpload, Project, Employee
  File "C:\apps\resource_planner_web\models.py", line 382, in <module>
    @event.listens_for(Employee, 'before_compile', retval=True)
     ~~~~~~~~~~~~~~~~~^^^^^^^^^^^^^^^^^^^^^^^^^^^^^^^^^^^^^^^^^
  File "C:\apps\resource_planner_web\venv\Lib\site-packages\sqlalchemy\event\api.py", line 167, in decorate
    listen(target, identifier, fn, *args, **kw)
    ~~~~~~^^^^^^^^^^^^^^^^^^^^^^^^^^^^^^^^^^^^^
  File "C:\apps\resource_planner_web\venv\Lib\site-packages\sqlalchemy\event\api.py", line 123, in listen
    _event_key(target, identifier, fn).listen(*args, **kw)
    ~~~~~~~~~~^^^^^^^^^^^^^^^^^^^^^^^^
  File "C:\apps\resource_planner_web\venv\Lib\site-packages\sqlalchemy\event\api.py", line 36, in _event_key
    raise exc.InvalidRequestError(
        "No such event '%s' for target '%s'" % (identifier, target)
    )
sqlalchemy.exc.InvalidRequestError: No such event 'before_compile' for target '<class 'models.Employee'>'
Traceback (most recent call last):
  File "<string>", line 1, in <module>
    from app import app; app.run(host='0.0.0.0', port=5000)
    ^^^^^^^^^^^^^^^^^^^
  File "C:\apps\resource_planner_web\app.py", line 15, in <module>
    from models import TimesheetUpload, Project, Employee
  File "C:\apps\resource_planner_web\models.py", line 382, in <module>
    @event.listens_for(Employee, 'before_compile', retval=True)
     ~~~~~~~~~~~~~~~~~^^^^^^^^^^^^^^^^^^^^^^^^^^^^^^^^^^^^^^^^^
  File "C:\apps\resource_planner_web\venv\Lib\site-packages\sqlalchemy\event\api.py", line 167, in decorate
    listen(target, identifier, fn, *args, **kw)
    ~~~~~~^^^^^^^^^^^^^^^^^^^^^^^^^^^^^^^^^^^^^
  File "C:\apps\resource_planner_web\venv\Lib\site-packages\sqlalchemy\event\api.py", line 123, in listen
    _event_key(target, identifier, fn).listen(*args, **kw)
    ~~~~~~~~~~^^^^^^^^^^^^^^^^^^^^^^^^
  File "C:\apps\resource_planner_web\venv\Lib\site-packages\sqlalchemy\event\api.py", line 36, in _event_key
    raise exc.InvalidRequestError(
        "No such event '%s' for target '%s'" % (identifier, target)
    )
sqlalchemy.exc.InvalidRequestError: No such event 'before_compile' for target '<class 'models.Employee'>'
Traceback (most recent call last):
  File "<string>", line 1, in <module>
    from app import app; app.run(host='0.0.0.0', port=5000)
    ^^^^^^^^^^^^^^^^^^^
  File "C:\apps\resource_planner_web\app.py", line 15, in <module>
    from models import TimesheetUpload, Project, Employee
  File "C:\apps\resource_planner_web\models.py", line 382, in <module>
    @event.listens_for(Employee, 'before_compile', retval=True)
     ~~~~~~~~~~~~~~~~~^^^^^^^^^^^^^^^^^^^^^^^^^^^^^^^^^^^^^^^^^
  File "C:\apps\resource_planner_web\venv\Lib\site-packages\sqlalchemy\event\api.py", line 167, in decorate
    listen(target, identifier, fn, *args, **kw)
    ~~~~~~^^^^^^^^^^^^^^^^^^^^^^^^^^^^^^^^^^^^^
  File "C:\apps\resource_planner_web\venv\Lib\site-packages\sqlalchemy\event\api.py", line 123, in listen
    _event_key(target, identifier, fn).listen(*args, **kw)
    ~~~~~~~~~~^^^^^^^^^^^^^^^^^^^^^^^^
  File "C:\apps\resource_planner_web\venv\Lib\site-packages\sqlalchemy\event\api.py", line 36, in _event_key
    raise exc.InvalidRequestError(
        "No such event '%s' for target '%s'" % (identifier, target)
    )
sqlalchemy.exc.InvalidRequestError: No such event 'before_compile' for target '<class 'models.Employee'>'
Traceback (most recent call last):
  File "<string>", line 1, in <module>
    from app import app; app.run(host='0.0.0.0', port=5000)
    ^^^^^^^^^^^^^^^^^^^
  File "C:\apps\resource_planner_web\app.py", line 15, in <module>
    from models import TimesheetUpload, Project, Employee
  File "C:\apps\resource_planner_web\models.py", line 382, in <module>
    @event.listens_for(Employee, 'before_compile', retval=True)
     ~~~~~~~~~~~~~~~~~^^^^^^^^^^^^^^^^^^^^^^^^^^^^^^^^^^^^^^^^^
  File "C:\apps\resource_planner_web\venv\Lib\site-packages\sqlalchemy\event\api.py", line 167, in decorate
    listen(target, identifier, fn, *args, **kw)
    ~~~~~~^^^^^^^^^^^^^^^^^^^^^^^^^^^^^^^^^^^^^
  File "C:\apps\resource_planner_web\venv\Lib\site-packages\sqlalchemy\event\api.py", line 123, in listen
    _event_key(target, identifier, fn).listen(*args, **kw)
    ~~~~~~~~~~^^^^^^^^^^^^^^^^^^^^^^^^
  File "C:\apps\resource_planner_web\venv\Lib\site-packages\sqlalchemy\event\api.py", line 36, in _event_key
    raise exc.InvalidRequestError(
        "No such event '%s' for target '%s'" % (identifier, target)
    )
sqlalchemy.exc.InvalidRequestError: No such event 'before_compile' for target '<class 'models.Employee'>'
Traceback (most recent call last):
  File "<string>", line 1, in <module>
    from app import app; app.run(host='0.0.0.0', port=5000)
    ^^^^^^^^^^^^^^^^^^^
  File "C:\apps\resource_planner_web\app.py", line 15, in <module>
    from models import TimesheetUpload, Project, Employee
  File "C:\apps\resource_planner_web\models.py", line 382, in <module>
    @event.listens_for(Employee, 'before_compile', retval=True)
     ~~~~~~~~~~~~~~~~~^^^^^^^^^^^^^^^^^^^^^^^^^^^^^^^^^^^^^^^^^
  File "C:\apps\resource_planner_web\venv\Lib\site-packages\sqlalchemy\event\api.py", line 167, in decorate
    listen(target, identifier, fn, *args, **kw)
    ~~~~~~^^^^^^^^^^^^^^^^^^^^^^^^^^^^^^^^^^^^^
  File "C:\apps\resource_planner_web\venv\Lib\site-packages\sqlalchemy\event\api.py", line 123, in listen
    _event_key(target, identifier, fn).listen(*args, **kw)
    ~~~~~~~~~~^^^^^^^^^^^^^^^^^^^^^^^^
  File "C:\apps\resource_planner_web\venv\Lib\site-packages\sqlalchemy\event\api.py", line 36, in _event_key
    raise exc.InvalidRequestError(
        "No such event '%s' for target '%s'" % (identifier, target)
    )
sqlalchemy.exc.InvalidRequestError: No such event 'before_compile' for target '<class 'models.Employee'>'
Traceback (most recent call last):
  File "<string>", line 1, in <module>
    from app import app; app.run(host='0.0.0.0', port=5000)
    ^^^^^^^^^^^^^^^^^^^
  File "C:\apps\resource_planner_web\app.py", line 15, in <module>
    from models import TimesheetUpload, Project, Employee
  File "C:\apps\resource_planner_web\models.py", line 382, in <module>
    @event.listens_for(Employee, 'before_compile', retval=True)
     ~~~~~~~~~~~~~~~~~^^^^^^^^^^^^^^^^^^^^^^^^^^^^^^^^^^^^^^^^^
  File "C:\apps\resource_planner_web\venv\Lib\site-packages\sqlalchemy\event\api.py", line 167, in decorate
    listen(target, identifier, fn, *args, **kw)
    ~~~~~~^^^^^^^^^^^^^^^^^^^^^^^^^^^^^^^^^^^^^
  File "C:\apps\resource_planner_web\venv\Lib\site-packages\sqlalchemy\event\api.py", line 123, in listen
    _event_key(target, identifier, fn).listen(*args, **kw)
    ~~~~~~~~~~^^^^^^^^^^^^^^^^^^^^^^^^
  File "C:\apps\resource_planner_web\venv\Lib\site-packages\sqlalchemy\event\api.py", line 36, in _event_key
    raise exc.InvalidRequestError(
        "No such event '%s' for target '%s'" % (identifier, target)
    )
sqlalchemy.exc.InvalidRequestError: No such event 'before_compile' for target '<class 'models.Employee'>'
Traceback (most recent call last):
  File "<string>", line 1, in <module>
    from app import app; app.run(host='0.0.0.0', port=5000)
    ^^^^^^^^^^^^^^^^^^^
  File "C:\apps\resource_planner_web\app.py", line 15, in <module>
    from models import TimesheetUpload, Project, Employee
  File "C:\apps\resource_planner_web\models.py", line 382, in <module>
    @event.listens_for(Employee, 'before_compile', retval=True)
     ~~~~~~~~~~~~~~~~~^^^^^^^^^^^^^^^^^^^^^^^^^^^^^^^^^^^^^^^^^
  File "C:\apps\resource_planner_web\venv\Lib\site-packages\sqlalchemy\event\api.py", line 167, in decorate
    listen(target, identifier, fn, *args, **kw)
    ~~~~~~^^^^^^^^^^^^^^^^^^^^^^^^^^^^^^^^^^^^^
  File "C:\apps\resource_planner_web\venv\Lib\site-packages\sqlalchemy\event\api.py", line 123, in listen
    _event_key(target, identifier, fn).listen(*args, **kw)
    ~~~~~~~~~~^^^^^^^^^^^^^^^^^^^^^^^^
  File "C:\apps\resource_planner_web\venv\Lib\site-packages\sqlalchemy\event\api.py", line 36, in _event_key
    raise exc.InvalidRequestError(
        "No such event '%s' for target '%s'" % (identifier, target)
    )
sqlalchemy.exc.InvalidRequestError: No such event 'before_compile' for target '<class 'models.Employee'>'
Traceback (most recent call last):
  File "<string>", line 1, in <module>
    from app import app; app.run(host='0.0.0.0', port=5000)
    ^^^^^^^^^^^^^^^^^^^
  File "C:\apps\resource_planner_web\app.py", line 15, in <module>
    from models import TimesheetUpload, Project, Employee
  File "C:\apps\resource_planner_web\models.py", line 382, in <module>
    @event.listens_for(Employee, 'before_compile', retval=True)
     ~~~~~~~~~~~~~~~~~^^^^^^^^^^^^^^^^^^^^^^^^^^^^^^^^^^^^^^^^^
  File "C:\apps\resource_planner_web\venv\Lib\site-packages\sqlalchemy\event\api.py", line 167, in decorate
    listen(target, identifier, fn, *args, **kw)
    ~~~~~~^^^^^^^^^^^^^^^^^^^^^^^^^^^^^^^^^^^^^
  File "C:\apps\resource_planner_web\venv\Lib\site-packages\sqlalchemy\event\api.py", line 123, in listen
    _event_key(target, identifier, fn).listen(*args, **kw)
    ~~~~~~~~~~^^^^^^^^^^^^^^^^^^^^^^^^
  File "C:\apps\resource_planner_web\venv\Lib\site-packages\sqlalchemy\event\api.py", line 36, in _event_key
    raise exc.InvalidRequestError(
        "No such event '%s' for target '%s'" % (identifier, target)
    )
sqlalchemy.exc.InvalidRequestError: No such event 'before_compile' for target '<class 'models.Employee'>'
Traceback (most recent call last):
  File "<string>", line 1, in <module>
    from app import app; app.run(host='0.0.0.0', port=5000)
    ^^^^^^^^^^^^^^^^^^^
  File "C:\apps\resource_planner_web\app.py", line 15, in <module>
    from models import TimesheetUpload, Project, Employee
  File "C:\apps\resource_planner_web\models.py", line 382, in <module>
    @event.listens_for(Employee, 'before_compile', retval=True)
     ~~~~~~~~~~~~~~~~~^^^^^^^^^^^^^^^^^^^^^^^^^^^^^^^^^^^^^^^^^
  File "C:\apps\resource_planner_web\venv\Lib\site-packages\sqlalchemy\event\api.py", line 167, in decorate
    listen(target, identifier, fn, *args, **kw)
    ~~~~~~^^^^^^^^^^^^^^^^^^^^^^^^^^^^^^^^^^^^^
  File "C:\apps\resource_planner_web\venv\Lib\site-packages\sqlalchemy\event\api.py", line 123, in listen
    _event_key(target, identifier, fn).listen(*args, **kw)
    ~~~~~~~~~~^^^^^^^^^^^^^^^^^^^^^^^^
  File "C:\apps\resource_planner_web\venv\Lib\site-packages\sqlalchemy\event\api.py", line 36, in _event_key
    raise exc.InvalidRequestError(
        "No such event '%s' for target '%s'" % (identifier, target)
    )
sqlalchemy.exc.InvalidRequestError: No such event 'before_compile' for target '<class 'models.Employee'>'
Traceback (most recent call last):
  File "<string>", line 1, in <module>
    from app import app; app.run(host='0.0.0.0', port=5000)
    ^^^^^^^^^^^^^^^^^^^
  File "C:\apps\resource_planner_web\app.py", line 15, in <module>
    from models import TimesheetUpload, Project, Employee
  File "C:\apps\resource_planner_web\models.py", line 382, in <module>
    @event.listens_for(Employee, 'before_compile', retval=True)
     ~~~~~~~~~~~~~~~~~^^^^^^^^^^^^^^^^^^^^^^^^^^^^^^^^^^^^^^^^^
  File "C:\apps\resource_planner_web\venv\Lib\site-packages\sqlalchemy\event\api.py", line 167, in decorate
    listen(target, identifier, fn, *args, **kw)
    ~~~~~~^^^^^^^^^^^^^^^^^^^^^^^^^^^^^^^^^^^^^
  File "C:\apps\resource_planner_web\venv\Lib\site-packages\sqlalchemy\event\api.py", line 123, in listen
    _event_key(target, identifier, fn).listen(*args, **kw)
    ~~~~~~~~~~^^^^^^^^^^^^^^^^^^^^^^^^
  File "C:\apps\resource_planner_web\venv\Lib\site-packages\sqlalchemy\event\api.py", line 36, in _event_key
    raise exc.InvalidRequestError(
        "No such event '%s' for target '%s'" % (identifier, target)
    )
sqlalchemy.exc.InvalidRequestError: No such event 'before_compile' for target '<class 'models.Employee'>'
Traceback (most recent call last):
  File "<string>", line 1, in <module>
    from app import app; app.run(host='0.0.0.0', port=5000)
    ^^^^^^^^^^^^^^^^^^^
  File "C:\apps\resource_planner_web\app.py", line 15, in <module>
    from models import TimesheetUpload, Project, Employee
  File "C:\apps\resource_planner_web\models.py", line 382, in <module>
    @event.listens_for(Employee, 'before_compile', retval=True)
     ~~~~~~~~~~~~~~~~~^^^^^^^^^^^^^^^^^^^^^^^^^^^^^^^^^^^^^^^^^
  File "C:\apps\resource_planner_web\venv\Lib\site-packages\sqlalchemy\event\api.py", line 167, in decorate
    listen(target, identifier, fn, *args, **kw)
    ~~~~~~^^^^^^^^^^^^^^^^^^^^^^^^^^^^^^^^^^^^^
  File "C:\apps\resource_planner_web\venv\Lib\site-packages\sqlalchemy\event\api.py", line 123, in listen
    _event_key(target, identifier, fn).listen(*args, **kw)
    ~~~~~~~~~~^^^^^^^^^^^^^^^^^^^^^^^^
  File "C:\apps\resource_planner_web\venv\Lib\site-packages\sqlalchemy\event\api.py", line 36, in _event_key
    raise exc.InvalidRequestError(
        "No such event '%s' for target '%s'" % (identifier, target)
    )
sqlalchemy.exc.InvalidRequestError: No such event 'before_compile' for target '<class 'models.Employee'>'
Traceback (most recent call last):
  File "<string>", line 1, in <module>
    from app import app; app.run(host='0.0.0.0', port=5000)
    ^^^^^^^^^^^^^^^^^^^
  File "C:\apps\resource_planner_web\app.py", line 15, in <module>
    from models import TimesheetUpload, Project, Employee
  File "C:\apps\resource_planner_web\models.py", line 382, in <module>
    @event.listens_for(Employee, 'before_compile', retval=True)
     ~~~~~~~~~~~~~~~~~^^^^^^^^^^^^^^^^^^^^^^^^^^^^^^^^^^^^^^^^^
  File "C:\apps\resource_planner_web\venv\Lib\site-packages\sqlalchemy\event\api.py", line 167, in decorate
    listen(target, identifier, fn, *args, **kw)
    ~~~~~~^^^^^^^^^^^^^^^^^^^^^^^^^^^^^^^^^^^^^
  File "C:\apps\resource_planner_web\venv\Lib\site-packages\sqlalchemy\event\api.py", line 123, in listen
    _event_key(target, identifier, fn).listen(*args, **kw)
    ~~~~~~~~~~^^^^^^^^^^^^^^^^^^^^^^^^
  File "C:\apps\resource_planner_web\venv\Lib\site-packages\sqlalchemy\event\api.py", line 36, in _event_key
    raise exc.InvalidRequestError(
        "No such event '%s' for target '%s'" % (identifier, target)
    )
sqlalchemy.exc.InvalidRequestError: No such event 'before_compile' for target '<class 'models.Employee'>'
Traceback (most recent call last):
  File "<string>", line 1, in <module>
    from app import app; app.run(host='0.0.0.0', port=5000)
    ^^^^^^^^^^^^^^^^^^^
  File "C:\apps\resource_planner_web\app.py", line 15, in <module>
    from models import TimesheetUpload, Project, Employee
  File "C:\apps\resource_planner_web\models.py", line 382, in <module>
    @event.listens_for(Employee, 'before_compile', retval=True)
     ~~~~~~~~~~~~~~~~~^^^^^^^^^^^^^^^^^^^^^^^^^^^^^^^^^^^^^^^^^
  File "C:\apps\resource_planner_web\venv\Lib\site-packages\sqlalchemy\event\api.py", line 167, in decorate
    listen(target, identifier, fn, *args, **kw)
    ~~~~~~^^^^^^^^^^^^^^^^^^^^^^^^^^^^^^^^^^^^^
  File "C:\apps\resource_planner_web\venv\Lib\site-packages\sqlalchemy\event\api.py", line 123, in listen
    _event_key(target, identifier, fn).listen(*args, **kw)
    ~~~~~~~~~~^^^^^^^^^^^^^^^^^^^^^^^^
  File "C:\apps\resource_planner_web\venv\Lib\site-packages\sqlalchemy\event\api.py", line 36, in _event_key
    raise exc.InvalidRequestError(
        "No such event '%s' for target '%s'" % (identifier, target)
    )
sqlalchemy.exc.InvalidRequestError: No such event 'before_compile' for target '<class 'models.Employee'>'
Traceback (most recent call last):
  File "<string>", line 1, in <module>
    from app import app; app.run(host='0.0.0.0', port=5000)
    ^^^^^^^^^^^^^^^^^^^
  File "C:\apps\resource_planner_web\app.py", line 15, in <module>
    from models import TimesheetUpload, Project, Employee
  File "C:\apps\resource_planner_web\models.py", line 382, in <module>
    @event.listens_for(Employee, 'before_compile', retval=True)
     ~~~~~~~~~~~~~~~~~^^^^^^^^^^^^^^^^^^^^^^^^^^^^^^^^^^^^^^^^^
  File "C:\apps\resource_planner_web\venv\Lib\site-packages\sqlalchemy\event\api.py", line 167, in decorate
    listen(target, identifier, fn, *args, **kw)
    ~~~~~~^^^^^^^^^^^^^^^^^^^^^^^^^^^^^^^^^^^^^
  File "C:\apps\resource_planner_web\venv\Lib\site-packages\sqlalchemy\event\api.py", line 123, in listen
    _event_key(target, identifier, fn).listen(*args, **kw)
    ~~~~~~~~~~^^^^^^^^^^^^^^^^^^^^^^^^
  File "C:\apps\resource_planner_web\venv\Lib\site-packages\sqlalchemy\event\api.py", line 36, in _event_key
    raise exc.InvalidRequestError(
        "No such event '%s' for target '%s'" % (identifier, target)
    )
sqlalchemy.exc.InvalidRequestError: No such event 'before_compile' for target '<class 'models.Employee'>'
Traceback (most recent call last):
  File "<string>", line 1, in <module>
    from app import app; app.run(host='0.0.0.0', port=5000)
    ^^^^^^^^^^^^^^^^^^^
  File "C:\apps\resource_planner_web\app.py", line 15, in <module>
    from models import TimesheetUpload, Project, Employee
  File "C:\apps\resource_planner_web\models.py", line 382, in <module>
    @event.listens_for(Employee, 'before_compile', retval=True)
     ~~~~~~~~~~~~~~~~~^^^^^^^^^^^^^^^^^^^^^^^^^^^^^^^^^^^^^^^^^
  File "C:\apps\resource_planner_web\venv\Lib\site-packages\sqlalchemy\event\api.py", line 167, in decorate
    listen(target, identifier, fn, *args, **kw)
    ~~~~~~^^^^^^^^^^^^^^^^^^^^^^^^^^^^^^^^^^^^^
  File "C:\apps\resource_planner_web\venv\Lib\site-packages\sqlalchemy\event\api.py", line 123, in listen
    _event_key(target, identifier, fn).listen(*args, **kw)
    ~~~~~~~~~~^^^^^^^^^^^^^^^^^^^^^^^^
  File "C:\apps\resource_planner_web\venv\Lib\site-packages\sqlalchemy\event\api.py", line 36, in _event_key
    raise exc.InvalidRequestError(
        "No such event '%s' for target '%s'" % (identifier, target)
    )
sqlalchemy.exc.InvalidRequestError: No such event 'before_compile' for target '<class 'models.Employee'>'
Traceback (most recent call last):
  File "<string>", line 1, in <module>
    from app import app; app.run(host='0.0.0.0', port=5000)
    ^^^^^^^^^^^^^^^^^^^
  File "C:\apps\resource_planner_web\app.py", line 15, in <module>
    from models import TimesheetUpload, Project, Employee
  File "C:\apps\resource_planner_web\models.py", line 382, in <module>
    @event.listens_for(Employee, 'before_compile', retval=True)
     ~~~~~~~~~~~~~~~~~^^^^^^^^^^^^^^^^^^^^^^^^^^^^^^^^^^^^^^^^^
  File "C:\apps\resource_planner_web\venv\Lib\site-packages\sqlalchemy\event\api.py", line 167, in decorate
    listen(target, identifier, fn, *args, **kw)
    ~~~~~~^^^^^^^^^^^^^^^^^^^^^^^^^^^^^^^^^^^^^
  File "C:\apps\resource_planner_web\venv\Lib\site-packages\sqlalchemy\event\api.py", line 123, in listen
    _event_key(target, identifier, fn).listen(*args, **kw)
    ~~~~~~~~~~^^^^^^^^^^^^^^^^^^^^^^^^
  File "C:\apps\resource_planner_web\venv\Lib\site-packages\sqlalchemy\event\api.py", line 36, in _event_key
    raise exc.InvalidRequestError(
        "No such event '%s' for target '%s'" % (identifier, target)
    )
sqlalchemy.exc.InvalidRequestError: No such event 'before_compile' for target '<class 'models.Employee'>'
Traceback (most recent call last):
  File "<string>", line 1, in <module>
    from app import app; app.run(host='0.0.0.0', port=5000)
    ^^^^^^^^^^^^^^^^^^^
  File "C:\apps\resource_planner_web\app.py", line 15, in <module>
    from models import TimesheetUpload, Project, Employee
  File "C:\apps\resource_planner_web\models.py", line 382, in <module>
    @event.listens_for(Employee, 'before_compile', retval=True)
     ~~~~~~~~~~~~~~~~~^^^^^^^^^^^^^^^^^^^^^^^^^^^^^^^^^^^^^^^^^
  File "C:\apps\resource_planner_web\venv\Lib\site-packages\sqlalchemy\event\api.py", line 167, in decorate
    listen(target, identifier, fn, *args, **kw)
    ~~~~~~^^^^^^^^^^^^^^^^^^^^^^^^^^^^^^^^^^^^^
  File "C:\apps\resource_planner_web\venv\Lib\site-packages\sqlalchemy\event\api.py", line 123, in listen
    _event_key(target, identifier, fn).listen(*args, **kw)
    ~~~~~~~~~~^^^^^^^^^^^^^^^^^^^^^^^^
  File "C:\apps\resource_planner_web\venv\Lib\site-packages\sqlalchemy\event\api.py", line 36, in _event_key
    raise exc.InvalidRequestError(
        "No such event '%s' for target '%s'" % (identifier, target)
    )
sqlalchemy.exc.InvalidRequestError: No such event 'before_compile' for target '<class 'models.Employee'>'
Traceback (most recent call last):
  File "<string>", line 1, in <module>
    from app import app; app.run(host='0.0.0.0', port=5000)
    ^^^^^^^^^^^^^^^^^^^
  File "C:\apps\resource_planner_web\app.py", line 15, in <module>
    from models import TimesheetUpload, Project, Employee
  File "C:\apps\resource_planner_web\models.py", line 382, in <module>
    @event.listens_for(Employee, 'before_compile', retval=True)
     ~~~~~~~~~~~~~~~~~^^^^^^^^^^^^^^^^^^^^^^^^^^^^^^^^^^^^^^^^^
  File "C:\apps\resource_planner_web\venv\Lib\site-packages\sqlalchemy\event\api.py", line 167, in decorate
    listen(target, identifier, fn, *args, **kw)
    ~~~~~~^^^^^^^^^^^^^^^^^^^^^^^^^^^^^^^^^^^^^
  File "C:\apps\resource_planner_web\venv\Lib\site-packages\sqlalchemy\event\api.py", line 123, in listen
    _event_key(target, identifier, fn).listen(*args, **kw)
    ~~~~~~~~~~^^^^^^^^^^^^^^^^^^^^^^^^
  File "C:\apps\resource_planner_web\venv\Lib\site-packages\sqlalchemy\event\api.py", line 36, in _event_key
    raise exc.InvalidRequestError(
        "No such event '%s' for target '%s'" % (identifier, target)
    )
sqlalchemy.exc.InvalidRequestError: No such event 'before_compile' for target '<class 'models.Employee'>'
Traceback (most recent call last):
  File "<string>", line 1, in <module>
    from app import app; app.run(host='0.0.0.0', port=5000)
    ^^^^^^^^^^^^^^^^^^^
  File "C:\apps\resource_planner_web\app.py", line 15, in <module>
    from models import TimesheetUpload, Project, Employee
  File "C:\apps\resource_planner_web\models.py", line 382, in <module>
    @event.listens_for(Employee, 'before_compile', retval=True)
     ~~~~~~~~~~~~~~~~~^^^^^^^^^^^^^^^^^^^^^^^^^^^^^^^^^^^^^^^^^
  File "C:\apps\resource_planner_web\venv\Lib\site-packages\sqlalchemy\event\api.py", line 167, in decorate
    listen(target, identifier, fn, *args, **kw)
    ~~~~~~^^^^^^^^^^^^^^^^^^^^^^^^^^^^^^^^^^^^^
  File "C:\apps\resource_planner_web\venv\Lib\site-packages\sqlalchemy\event\api.py", line 123, in listen
    _event_key(target, identifier, fn).listen(*args, **kw)
    ~~~~~~~~~~^^^^^^^^^^^^^^^^^^^^^^^^
  File "C:\apps\resource_planner_web\venv\Lib\site-packages\sqlalchemy\event\api.py", line 36, in _event_key
    raise exc.InvalidRequestError(
        "No such event '%s' for target '%s'" % (identifier, target)
    )
sqlalchemy.exc.InvalidRequestError: No such event 'before_compile' for target '<class 'models.Employee'>'
Traceback (most recent call last):
  File "<string>", line 1, in <module>
    from app import app; app.run(host='0.0.0.0', port=5000)
    ^^^^^^^^^^^^^^^^^^^
  File "C:\apps\resource_planner_web\app.py", line 15, in <module>
    from models import TimesheetUpload, Project, Employee
  File "C:\apps\resource_planner_web\models.py", line 382, in <module>
    @event.listens_for(Employee, 'before_compile', retval=True)
     ~~~~~~~~~~~~~~~~~^^^^^^^^^^^^^^^^^^^^^^^^^^^^^^^^^^^^^^^^^
  File "C:\apps\resource_planner_web\venv\Lib\site-packages\sqlalchemy\event\api.py", line 167, in decorate
    listen(target, identifier, fn, *args, **kw)
    ~~~~~~^^^^^^^^^^^^^^^^^^^^^^^^^^^^^^^^^^^^^
  File "C:\apps\resource_planner_web\venv\Lib\site-packages\sqlalchemy\event\api.py", line 123, in listen
    _event_key(target, identifier, fn).listen(*args, **kw)
    ~~~~~~~~~~^^^^^^^^^^^^^^^^^^^^^^^^
  File "C:\apps\resource_planner_web\venv\Lib\site-packages\sqlalchemy\event\api.py", line 36, in _event_key
    raise exc.InvalidRequestError(
        "No such event '%s' for target '%s'" % (identifier, target)
    )
sqlalchemy.exc.InvalidRequestError: No such event 'before_compile' for target '<class 'models.Employee'>'
Traceback (most recent call last):
  File "<string>", line 1, in <module>
    from app import app; app.run(host='0.0.0.0', port=5000)
    ^^^^^^^^^^^^^^^^^^^
  File "C:\apps\resource_planner_web\app.py", line 15, in <module>
    from models import TimesheetUpload, Project, Employee
  File "C:\apps\resource_planner_web\models.py", line 382, in <module>
    @event.listens_for(Employee, 'before_compile', retval=True)
     ~~~~~~~~~~~~~~~~~^^^^^^^^^^^^^^^^^^^^^^^^^^^^^^^^^^^^^^^^^
  File "C:\apps\resource_planner_web\venv\Lib\site-packages\sqlalchemy\event\api.py", line 167, in decorate
    listen(target, identifier, fn, *args, **kw)
    ~~~~~~^^^^^^^^^^^^^^^^^^^^^^^^^^^^^^^^^^^^^
  File "C:\apps\resource_planner_web\venv\Lib\site-packages\sqlalchemy\event\api.py", line 123, in listen
    _event_key(target, identifier, fn).listen(*args, **kw)
    ~~~~~~~~~~^^^^^^^^^^^^^^^^^^^^^^^^
  File "C:\apps\resource_planner_web\venv\Lib\site-packages\sqlalchemy\event\api.py", line 36, in _event_key
    raise exc.InvalidRequestError(
        "No such event '%s' for target '%s'" % (identifier, target)
    )
sqlalchemy.exc.InvalidRequestError: No such event 'before_compile' for target '<class 'models.Employee'>'
Traceback (most recent call last):
  File "<string>", line 1, in <module>
    from app import app; app.run(host='0.0.0.0', port=5000)
    ^^^^^^^^^^^^^^^^^^^
  File "C:\apps\resource_planner_web\app.py", line 15, in <module>
    from models import TimesheetUpload, Project, Employee
  File "C:\apps\resource_planner_web\models.py", line 382, in <module>
    @event.listens_for(Employee, 'before_compile', retval=True)
     ~~~~~~~~~~~~~~~~~^^^^^^^^^^^^^^^^^^^^^^^^^^^^^^^^^^^^^^^^^
  File "C:\apps\resource_planner_web\venv\Lib\site-packages\sqlalchemy\event\api.py", line 167, in decorate
    listen(target, identifier, fn, *args, **kw)
    ~~~~~~^^^^^^^^^^^^^^^^^^^^^^^^^^^^^^^^^^^^^
  File "C:\apps\resource_planner_web\venv\Lib\site-packages\sqlalchemy\event\api.py", line 123, in listen
    _event_key(target, identifier, fn).listen(*args, **kw)
    ~~~~~~~~~~^^^^^^^^^^^^^^^^^^^^^^^^
  File "C:\apps\resource_planner_web\venv\Lib\site-packages\sqlalchemy\event\api.py", line 36, in _event_key
    raise exc.InvalidRequestError(
        "No such event '%s' for target '%s'" % (identifier, target)
    )
sqlalchemy.exc.InvalidRequestError: No such event 'before_compile' for target '<class 'models.Employee'>'
Traceback (most recent call last):
  File "<string>", line 1, in <module>
    from app import app; app.run(host='0.0.0.0', port=5000)
    ^^^^^^^^^^^^^^^^^^^
  File "C:\apps\resource_planner_web\app.py", line 15, in <module>
    from models import TimesheetUpload, Project, Employee
  File "C:\apps\resource_planner_web\models.py", line 382, in <module>
    @event.listens_for(Employee, 'before_compile', retval=True)
     ~~~~~~~~~~~~~~~~~^^^^^^^^^^^^^^^^^^^^^^^^^^^^^^^^^^^^^^^^^
  File "C:\apps\resource_planner_web\venv\Lib\site-packages\sqlalchemy\event\api.py", line 167, in decorate
    listen(target, identifier, fn, *args, **kw)
    ~~~~~~^^^^^^^^^^^^^^^^^^^^^^^^^^^^^^^^^^^^^
  File "C:\apps\resource_planner_web\venv\Lib\site-packages\sqlalchemy\event\api.py", line 123, in listen
    _event_key(target, identifier, fn).listen(*args, **kw)
    ~~~~~~~~~~^^^^^^^^^^^^^^^^^^^^^^^^
  File "C:\apps\resource_planner_web\venv\Lib\site-packages\sqlalchemy\event\api.py", line 36, in _event_key
    raise exc.InvalidRequestError(
        "No such event '%s' for target '%s'" % (identifier, target)
    )
sqlalchemy.exc.InvalidRequestError: No such event 'before_compile' for target '<class 'models.Employee'>'
Traceback (most recent call last):
  File "<string>", line 1, in <module>
    from app import app; app.run(host='0.0.0.0', port=5000)
    ^^^^^^^^^^^^^^^^^^^
  File "C:\apps\resource_planner_web\app.py", line 15, in <module>
    from models import TimesheetUpload, Project, Employee
  File "C:\apps\resource_planner_web\models.py", line 382, in <module>
    @event.listens_for(Employee, 'before_compile', retval=True)
     ~~~~~~~~~~~~~~~~~^^^^^^^^^^^^^^^^^^^^^^^^^^^^^^^^^^^^^^^^^
  File "C:\apps\resource_planner_web\venv\Lib\site-packages\sqlalchemy\event\api.py", line 167, in decorate
    listen(target, identifier, fn, *args, **kw)
    ~~~~~~^^^^^^^^^^^^^^^^^^^^^^^^^^^^^^^^^^^^^
  File "C:\apps\resource_planner_web\venv\Lib\site-packages\sqlalchemy\event\api.py", line 123, in listen
    _event_key(target, identifier, fn).listen(*args, **kw)
    ~~~~~~~~~~^^^^^^^^^^^^^^^^^^^^^^^^
  File "C:\apps\resource_planner_web\venv\Lib\site-packages\sqlalchemy\event\api.py", line 36, in _event_key
    raise exc.InvalidRequestError(
        "No such event '%s' for target '%s'" % (identifier, target)
    )
sqlalchemy.exc.InvalidRequestError: No such event 'before_compile' for target '<class 'models.Employee'>'
Traceback (most recent call last):
  File "<string>", line 1, in <module>
    from app import app; app.run(host='0.0.0.0', port=5000)
    ^^^^^^^^^^^^^^^^^^^
  File "C:\apps\resource_planner_web\app.py", line 15, in <module>
    from models import TimesheetUpload, Project, Employee
  File "C:\apps\resource_planner_web\models.py", line 382, in <module>
    @event.listens_for(Employee, 'before_compile', retval=True)
     ~~~~~~~~~~~~~~~~~^^^^^^^^^^^^^^^^^^^^^^^^^^^^^^^^^^^^^^^^^
  File "C:\apps\resource_planner_web\venv\Lib\site-packages\sqlalchemy\event\api.py", line 167, in decorate
    listen(target, identifier, fn, *args, **kw)
    ~~~~~~^^^^^^^^^^^^^^^^^^^^^^^^^^^^^^^^^^^^^
  File "C:\apps\resource_planner_web\venv\Lib\site-packages\sqlalchemy\event\api.py", line 123, in listen
    _event_key(target, identifier, fn).listen(*args, **kw)
    ~~~~~~~~~~^^^^^^^^^^^^^^^^^^^^^^^^
  File "C:\apps\resource_planner_web\venv\Lib\site-packages\sqlalchemy\event\api.py", line 36, in _event_key
    raise exc.InvalidRequestError(
        "No such event '%s' for target '%s'" % (identifier, target)
    )
sqlalchemy.exc.InvalidRequestError: No such event 'before_compile' for target '<class 'models.Employee'>'
Traceback (most recent call last):
  File "<string>", line 1, in <module>
    from app import app; app.run(host='0.0.0.0', port=5000)
    ^^^^^^^^^^^^^^^^^^^
  File "C:\apps\resource_planner_web\app.py", line 15, in <module>
    from models import TimesheetUpload, Project, Employee
  File "C:\apps\resource_planner_web\models.py", line 382, in <module>
    @event.listens_for(Employee, 'before_compile', retval=True)
     ~~~~~~~~~~~~~~~~~^^^^^^^^^^^^^^^^^^^^^^^^^^^^^^^^^^^^^^^^^
  File "C:\apps\resource_planner_web\venv\Lib\site-packages\sqlalchemy\event\api.py", line 167, in decorate
    listen(target, identifier, fn, *args, **kw)
    ~~~~~~^^^^^^^^^^^^^^^^^^^^^^^^^^^^^^^^^^^^^
  File "C:\apps\resource_planner_web\venv\Lib\site-packages\sqlalchemy\event\api.py", line 123, in listen
    _event_key(target, identifier, fn).listen(*args, **kw)
    ~~~~~~~~~~^^^^^^^^^^^^^^^^^^^^^^^^
  File "C:\apps\resource_planner_web\venv\Lib\site-packages\sqlalchemy\event\api.py", line 36, in _event_key
    raise exc.InvalidRequestError(
        "No such event '%s' for target '%s'" % (identifier, target)
    )
sqlalchemy.exc.InvalidRequestError: No such event 'before_compile' for target '<class 'models.Employee'>'
Traceback (most recent call last):
  File "<string>", line 1, in <module>
    from app import app; app.run(host='0.0.0.0', port=5000)
    ^^^^^^^^^^^^^^^^^^^
  File "C:\apps\resource_planner_web\app.py", line 15, in <module>
    from models import TimesheetUpload, Project, Employee
  File "C:\apps\resource_planner_web\models.py", line 382, in <module>
    @event.listens_for(Employee, 'before_compile', retval=True)
     ~~~~~~~~~~~~~~~~~^^^^^^^^^^^^^^^^^^^^^^^^^^^^^^^^^^^^^^^^^
  File "C:\apps\resource_planner_web\venv\Lib\site-packages\sqlalchemy\event\api.py", line 167, in decorate
    listen(target, identifier, fn, *args, **kw)
    ~~~~~~^^^^^^^^^^^^^^^^^^^^^^^^^^^^^^^^^^^^^
  File "C:\apps\resource_planner_web\venv\Lib\site-packages\sqlalchemy\event\api.py", line 123, in listen
    _event_key(target, identifier, fn).listen(*args, **kw)
    ~~~~~~~~~~^^^^^^^^^^^^^^^^^^^^^^^^
  File "C:\apps\resource_planner_web\venv\Lib\site-packages\sqlalchemy\event\api.py", line 36, in _event_key
    raise exc.InvalidRequestError(
        "No such event '%s' for target '%s'" % (identifier, target)
    )
sqlalchemy.exc.InvalidRequestError: No such event 'before_compile' for target '<class 'models.Employee'>'
Traceback (most recent call last):
  File "<string>", line 1, in <module>
    from app import app; app.run(host='0.0.0.0', port=5000)
    ^^^^^^^^^^^^^^^^^^^
  File "C:\apps\resource_planner_web\app.py", line 15, in <module>
    from models import TimesheetUpload, Project, Employee
  File "C:\apps\resource_planner_web\models.py", line 382, in <module>
    @event.listens_for(Employee, 'before_compile', retval=True)
     ~~~~~~~~~~~~~~~~~^^^^^^^^^^^^^^^^^^^^^^^^^^^^^^^^^^^^^^^^^
  File "C:\apps\resource_planner_web\venv\Lib\site-packages\sqlalchemy\event\api.py", line 167, in decorate
    listen(target, identifier, fn, *args, **kw)
    ~~~~~~^^^^^^^^^^^^^^^^^^^^^^^^^^^^^^^^^^^^^
  File "C:\apps\resource_planner_web\venv\Lib\site-packages\sqlalchemy\event\api.py", line 123, in listen
    _event_key(target, identifier, fn).listen(*args, **kw)
    ~~~~~~~~~~^^^^^^^^^^^^^^^^^^^^^^^^
  File "C:\apps\resource_planner_web\venv\Lib\site-packages\sqlalchemy\event\api.py", line 36, in _event_key
    raise exc.InvalidRequestError(
        "No such event '%s' for target '%s'" % (identifier, target)
    )
sqlalchemy.exc.InvalidRequestError: No such event 'before_compile' for target '<class 'models.Employee'>'
Traceback (most recent call last):
  File "<string>", line 1, in <module>
    from app import app; app.run(host='0.0.0.0', port=5000)
    ^^^^^^^^^^^^^^^^^^^
  File "C:\apps\resource_planner_web\app.py", line 15, in <module>
    from models import TimesheetUpload, Project, Employee
  File "C:\apps\resource_planner_web\models.py", line 382, in <module>
    @event.listens_for(Employee, 'before_compile', retval=True)
     ~~~~~~~~~~~~~~~~~^^^^^^^^^^^^^^^^^^^^^^^^^^^^^^^^^^^^^^^^^
  File "C:\apps\resource_planner_web\venv\Lib\site-packages\sqlalchemy\event\api.py", line 167, in decorate
    listen(target, identifier, fn, *args, **kw)
    ~~~~~~^^^^^^^^^^^^^^^^^^^^^^^^^^^^^^^^^^^^^
  File "C:\apps\resource_planner_web\venv\Lib\site-packages\sqlalchemy\event\api.py", line 123, in listen
    _event_key(target, identifier, fn).listen(*args, **kw)
    ~~~~~~~~~~^^^^^^^^^^^^^^^^^^^^^^^^
  File "C:\apps\resource_planner_web\venv\Lib\site-packages\sqlalchemy\event\api.py", line 36, in _event_key
    raise exc.InvalidRequestError(
        "No such event '%s' for target '%s'" % (identifier, target)
    )
sqlalchemy.exc.InvalidRequestError: No such event 'before_compile' for target '<class 'models.Employee'>'
Traceback (most recent call last):
  File "<string>", line 1, in <module>
    from app import app; app.run(host='0.0.0.0', port=5000)
    ^^^^^^^^^^^^^^^^^^^
  File "C:\apps\resource_planner_web\app.py", line 15, in <module>
    from models import TimesheetUpload, Project, Employee
  File "C:\apps\resource_planner_web\models.py", line 382, in <module>
    @event.listens_for(Employee, 'before_compile', retval=True)
     ~~~~~~~~~~~~~~~~~^^^^^^^^^^^^^^^^^^^^^^^^^^^^^^^^^^^^^^^^^
  File "C:\apps\resource_planner_web\venv\Lib\site-packages\sqlalchemy\event\api.py", line 167, in decorate
    listen(target, identifier, fn, *args, **kw)
    ~~~~~~^^^^^^^^^^^^^^^^^^^^^^^^^^^^^^^^^^^^^
  File "C:\apps\resource_planner_web\venv\Lib\site-packages\sqlalchemy\event\api.py", line 123, in listen
    _event_key(target, identifier, fn).listen(*args, **kw)
    ~~~~~~~~~~^^^^^^^^^^^^^^^^^^^^^^^^
  File "C:\apps\resource_planner_web\venv\Lib\site-packages\sqlalchemy\event\api.py", line 36, in _event_key
    raise exc.InvalidRequestError(
        "No such event '%s' for target '%s'" % (identifier, target)
    )
sqlalchemy.exc.InvalidRequestError: No such event 'before_compile' for target '<class 'models.Employee'>'
Traceback (most recent call last):
  File "<string>", line 1, in <module>
    from app import app; app.run(host='0.0.0.0', port=5000)
    ^^^^^^^^^^^^^^^^^^^
  File "C:\apps\resource_planner_web\app.py", line 15, in <module>
    from models import TimesheetUpload, Project, Employee
  File "C:\apps\resource_planner_web\models.py", line 382, in <module>
    @event.listens_for(Employee, 'before_compile', retval=True)
     ~~~~~~~~~~~~~~~~~^^^^^^^^^^^^^^^^^^^^^^^^^^^^^^^^^^^^^^^^^
  File "C:\apps\resource_planner_web\venv\Lib\site-packages\sqlalchemy\event\api.py", line 167, in decorate
    listen(target, identifier, fn, *args, **kw)
    ~~~~~~^^^^^^^^^^^^^^^^^^^^^^^^^^^^^^^^^^^^^
  File "C:\apps\resource_planner_web\venv\Lib\site-packages\sqlalchemy\event\api.py", line 123, in listen
    _event_key(target, identifier, fn).listen(*args, **kw)
    ~~~~~~~~~~^^^^^^^^^^^^^^^^^^^^^^^^
  File "C:\apps\resource_planner_web\venv\Lib\site-packages\sqlalchemy\event\api.py", line 36, in _event_key
    raise exc.InvalidRequestError(
        "No such event '%s' for target '%s'" % (identifier, target)
    )
sqlalchemy.exc.InvalidRequestError: No such event 'before_compile' for target '<class 'models.Employee'>'
Traceback (most recent call last):
  File "<string>", line 1, in <module>
    from app import app; app.run(host='0.0.0.0', port=5000)
    ^^^^^^^^^^^^^^^^^^^
  File "C:\apps\resource_planner_web\app.py", line 15, in <module>
    from models import TimesheetUpload, Project, Employee
  File "C:\apps\resource_planner_web\models.py", line 382, in <module>
    @event.listens_for(Employee, 'before_compile', retval=True)
     ~~~~~~~~~~~~~~~~~^^^^^^^^^^^^^^^^^^^^^^^^^^^^^^^^^^^^^^^^^
  File "C:\apps\resource_planner_web\venv\Lib\site-packages\sqlalchemy\event\api.py", line 167, in decorate
    listen(target, identifier, fn, *args, **kw)
    ~~~~~~^^^^^^^^^^^^^^^^^^^^^^^^^^^^^^^^^^^^^
  File "C:\apps\resource_planner_web\venv\Lib\site-packages\sqlalchemy\event\api.py", line 123, in listen
    _event_key(target, identifier, fn).listen(*args, **kw)
    ~~~~~~~~~~^^^^^^^^^^^^^^^^^^^^^^^^
  File "C:\apps\resource_planner_web\venv\Lib\site-packages\sqlalchemy\event\api.py", line 36, in _event_key
    raise exc.InvalidRequestError(
        "No such event '%s' for target '%s'" % (identifier, target)
    )
sqlalchemy.exc.InvalidRequestError: No such event 'before_compile' for target '<class 'models.Employee'>'
Traceback (most recent call last):
  File "<string>", line 1, in <module>
    from app import app; app.run(host='0.0.0.0', port=5000)
    ^^^^^^^^^^^^^^^^^^^
  File "C:\apps\resource_planner_web\app.py", line 15, in <module>
    from models import TimesheetUpload, Project, Employee
  File "C:\apps\resource_planner_web\models.py", line 382, in <module>
    @event.listens_for(Employee, 'before_compile', retval=True)
     ~~~~~~~~~~~~~~~~~^^^^^^^^^^^^^^^^^^^^^^^^^^^^^^^^^^^^^^^^^
  File "C:\apps\resource_planner_web\venv\Lib\site-packages\sqlalchemy\event\api.py", line 167, in decorate
    listen(target, identifier, fn, *args, **kw)
    ~~~~~~^^^^^^^^^^^^^^^^^^^^^^^^^^^^^^^^^^^^^
  File "C:\apps\resource_planner_web\venv\Lib\site-packages\sqlalchemy\event\api.py", line 123, in listen
    _event_key(target, identifier, fn).listen(*args, **kw)
    ~~~~~~~~~~^^^^^^^^^^^^^^^^^^^^^^^^
  File "C:\apps\resource_planner_web\venv\Lib\site-packages\sqlalchemy\event\api.py", line 36, in _event_key
    raise exc.InvalidRequestError(
        "No such event '%s' for target '%s'" % (identifier, target)
    )
sqlalchemy.exc.InvalidRequestError: No such event 'before_compile' for target '<class 'models.Employee'>'
Traceback (most recent call last):
  File "<string>", line 1, in <module>
    from app import app; app.run(host='0.0.0.0', port=5000)
    ^^^^^^^^^^^^^^^^^^^
  File "C:\apps\resource_planner_web\app.py", line 15, in <module>
    from models import TimesheetUpload, Project, Employee
  File "C:\apps\resource_planner_web\models.py", line 382, in <module>
    @event.listens_for(Employee, 'before_compile', retval=True)
     ~~~~~~~~~~~~~~~~~^^^^^^^^^^^^^^^^^^^^^^^^^^^^^^^^^^^^^^^^^
  File "C:\apps\resource_planner_web\venv\Lib\site-packages\sqlalchemy\event\api.py", line 167, in decorate
    listen(target, identifier, fn, *args, **kw)
    ~~~~~~^^^^^^^^^^^^^^^^^^^^^^^^^^^^^^^^^^^^^
  File "C:\apps\resource_planner_web\venv\Lib\site-packages\sqlalchemy\event\api.py", line 123, in listen
    _event_key(target, identifier, fn).listen(*args, **kw)
    ~~~~~~~~~~^^^^^^^^^^^^^^^^^^^^^^^^
  File "C:\apps\resource_planner_web\venv\Lib\site-packages\sqlalchemy\event\api.py", line 36, in _event_key
    raise exc.InvalidRequestError(
        "No such event '%s' for target '%s'" % (identifier, target)
    )
sqlalchemy.exc.InvalidRequestError: No such event 'before_compile' for target '<class 'models.Employee'>'
Traceback (most recent call last):
  File "<string>", line 1, in <module>
    from app import app; app.run(host='0.0.0.0', port=5000)
    ^^^^^^^^^^^^^^^^^^^
  File "C:\apps\resource_planner_web\app.py", line 15, in <module>
    from models import TimesheetUpload, Project, Employee
  File "C:\apps\resource_planner_web\models.py", line 382, in <module>
    @event.listens_for(Employee, 'before_compile', retval=True)
     ~~~~~~~~~~~~~~~~~^^^^^^^^^^^^^^^^^^^^^^^^^^^^^^^^^^^^^^^^^
  File "C:\apps\resource_planner_web\venv\Lib\site-packages\sqlalchemy\event\api.py", line 167, in decorate
    listen(target, identifier, fn, *args, **kw)
    ~~~~~~^^^^^^^^^^^^^^^^^^^^^^^^^^^^^^^^^^^^^
  File "C:\apps\resource_planner_web\venv\Lib\site-packages\sqlalchemy\event\api.py", line 123, in listen
    _event_key(target, identifier, fn).listen(*args, **kw)
    ~~~~~~~~~~^^^^^^^^^^^^^^^^^^^^^^^^
  File "C:\apps\resource_planner_web\venv\Lib\site-packages\sqlalchemy\event\api.py", line 36, in _event_key
    raise exc.InvalidRequestError(
        "No such event '%s' for target '%s'" % (identifier, target)
    )
sqlalchemy.exc.InvalidRequestError: No such event 'before_compile' for target '<class 'models.Employee'>'
Traceback (most recent call last):
  File "<string>", line 1, in <module>
    from app import app; app.run(host='0.0.0.0', port=5000)
    ^^^^^^^^^^^^^^^^^^^
  File "C:\apps\resource_planner_web\app.py", line 15, in <module>
    from models import TimesheetUpload, Project, Employee
  File "C:\apps\resource_planner_web\models.py", line 382, in <module>
    @event.listens_for(Employee, 'before_compile', retval=True)
     ~~~~~~~~~~~~~~~~~^^^^^^^^^^^^^^^^^^^^^^^^^^^^^^^^^^^^^^^^^
  File "C:\apps\resource_planner_web\venv\Lib\site-packages\sqlalchemy\event\api.py", line 167, in decorate
    listen(target, identifier, fn, *args, **kw)
    ~~~~~~^^^^^^^^^^^^^^^^^^^^^^^^^^^^^^^^^^^^^
  File "C:\apps\resource_planner_web\venv\Lib\site-packages\sqlalchemy\event\api.py", line 123, in listen
    _event_key(target, identifier, fn).listen(*args, **kw)
    ~~~~~~~~~~^^^^^^^^^^^^^^^^^^^^^^^^
  File "C:\apps\resource_planner_web\venv\Lib\site-packages\sqlalchemy\event\api.py", line 36, in _event_key
    raise exc.InvalidRequestError(
        "No such event '%s' for target '%s'" % (identifier, target)
    )
sqlalchemy.exc.InvalidRequestError: No such event 'before_compile' for target '<class 'models.Employee'>'
Traceback (most recent call last):
  File "<string>", line 1, in <module>
    from app import app; app.run(host='0.0.0.0', port=5000)
    ^^^^^^^^^^^^^^^^^^^
  File "C:\apps\resource_planner_web\app.py", line 15, in <module>
    from models import TimesheetUpload, Project, Employee
  File "C:\apps\resource_planner_web\models.py", line 382, in <module>
    @event.listens_for(Employee, 'before_compile', retval=True)
     ~~~~~~~~~~~~~~~~~^^^^^^^^^^^^^^^^^^^^^^^^^^^^^^^^^^^^^^^^^
  File "C:\apps\resource_planner_web\venv\Lib\site-packages\sqlalchemy\event\api.py", line 167, in decorate
    listen(target, identifier, fn, *args, **kw)
    ~~~~~~^^^^^^^^^^^^^^^^^^^^^^^^^^^^^^^^^^^^^
  File "C:\apps\resource_planner_web\venv\Lib\site-packages\sqlalchemy\event\api.py", line 123, in listen
    _event_key(target, identifier, fn).listen(*args, **kw)
    ~~~~~~~~~~^^^^^^^^^^^^^^^^^^^^^^^^
  File "C:\apps\resource_planner_web\venv\Lib\site-packages\sqlalchemy\event\api.py", line 36, in _event_key
    raise exc.InvalidRequestError(
        "No such event '%s' for target '%s'" % (identifier, target)
    )
sqlalchemy.exc.InvalidRequestError: No such event 'before_compile' for target '<class 'models.Employee'>'
Traceback (most recent call last):
  File "<string>", line 1, in <module>
    from app import app; app.run(host='0.0.0.0', port=5000)
    ^^^^^^^^^^^^^^^^^^^
  File "C:\apps\resource_planner_web\app.py", line 15, in <module>
    from models import TimesheetUpload, Project, Employee
  File "C:\apps\resource_planner_web\models.py", line 382, in <module>
    @event.listens_for(Employee, 'before_compile', retval=True)
     ~~~~~~~~~~~~~~~~~^^^^^^^^^^^^^^^^^^^^^^^^^^^^^^^^^^^^^^^^^
  File "C:\apps\resource_planner_web\venv\Lib\site-packages\sqlalchemy\event\api.py", line 167, in decorate
    listen(target, identifier, fn, *args, **kw)
    ~~~~~~^^^^^^^^^^^^^^^^^^^^^^^^^^^^^^^^^^^^^
  File "C:\apps\resource_planner_web\venv\Lib\site-packages\sqlalchemy\event\api.py", line 123, in listen
    _event_key(target, identifier, fn).listen(*args, **kw)
    ~~~~~~~~~~^^^^^^^^^^^^^^^^^^^^^^^^
  File "C:\apps\resource_planner_web\venv\Lib\site-packages\sqlalchemy\event\api.py", line 36, in _event_key
    raise exc.InvalidRequestError(
        "No such event '%s' for target '%s'" % (identifier, target)
    )
sqlalchemy.exc.InvalidRequestError: No such event 'before_compile' for target '<class 'models.Employee'>'
Traceback (most recent call last):
  File "<string>", line 1, in <module>
    from app import app; app.run(host='0.0.0.0', port=5000)
    ^^^^^^^^^^^^^^^^^^^
  File "C:\apps\resource_planner_web\app.py", line 15, in <module>
    from models import TimesheetUpload, Project, Employee
  File "C:\apps\resource_planner_web\models.py", line 382, in <module>
    @event.listens_for(Employee, 'before_compile', retval=True)
     ~~~~~~~~~~~~~~~~~^^^^^^^^^^^^^^^^^^^^^^^^^^^^^^^^^^^^^^^^^
  File "C:\apps\resource_planner_web\venv\Lib\site-packages\sqlalchemy\event\api.py", line 167, in decorate
    listen(target, identifier, fn, *args, **kw)
    ~~~~~~^^^^^^^^^^^^^^^^^^^^^^^^^^^^^^^^^^^^^
  File "C:\apps\resource_planner_web\venv\Lib\site-packages\sqlalchemy\event\api.py", line 123, in listen
    _event_key(target, identifier, fn).listen(*args, **kw)
    ~~~~~~~~~~^^^^^^^^^^^^^^^^^^^^^^^^
  File "C:\apps\resource_planner_web\venv\Lib\site-packages\sqlalchemy\event\api.py", line 36, in _event_key
    raise exc.InvalidRequestError(
        "No such event '%s' for target '%s'" % (identifier, target)
    )
sqlalchemy.exc.InvalidRequestError: No such event 'before_compile' for target '<class 'models.Employee'>'
Traceback (most recent call last):
  File "<string>", line 1, in <module>
    from app import app; app.run(host='0.0.0.0', port=5000)
    ^^^^^^^^^^^^^^^^^^^
  File "C:\apps\resource_planner_web\app.py", line 15, in <module>
    from models import TimesheetUpload, Project, Employee
  File "C:\apps\resource_planner_web\models.py", line 382, in <module>
    @event.listens_for(Employee, 'before_compile', retval=True)
     ~~~~~~~~~~~~~~~~~^^^^^^^^^^^^^^^^^^^^^^^^^^^^^^^^^^^^^^^^^
  File "C:\apps\resource_planner_web\venv\Lib\site-packages\sqlalchemy\event\api.py", line 167, in decorate
    listen(target, identifier, fn, *args, **kw)
    ~~~~~~^^^^^^^^^^^^^^^^^^^^^^^^^^^^^^^^^^^^^
  File "C:\apps\resource_planner_web\venv\Lib\site-packages\sqlalchemy\event\api.py", line 123, in listen
    _event_key(target, identifier, fn).listen(*args, **kw)
    ~~~~~~~~~~^^^^^^^^^^^^^^^^^^^^^^^^
  File "C:\apps\resource_planner_web\venv\Lib\site-packages\sqlalchemy\event\api.py", line 36, in _event_key
    raise exc.InvalidRequestError(
        "No such event '%s' for target '%s'" % (identifier, target)
    )
sqlalchemy.exc.InvalidRequestError: No such event 'before_compile' for target '<class 'models.Employee'>'
Traceback (most recent call last):
  File "<string>", line 1, in <module>
    from app import app; app.run(host='0.0.0.0', port=5000)
    ^^^^^^^^^^^^^^^^^^^
  File "C:\apps\resource_planner_web\app.py", line 15, in <module>
    from models import TimesheetUpload, Project, Employee
  File "C:\apps\resource_planner_web\models.py", line 382, in <module>
    @event.listens_for(Employee, 'before_compile', retval=True)
     ~~~~~~~~~~~~~~~~~^^^^^^^^^^^^^^^^^^^^^^^^^^^^^^^^^^^^^^^^^
  File "C:\apps\resource_planner_web\venv\Lib\site-packages\sqlalchemy\event\api.py", line 167, in decorate
    listen(target, identifier, fn, *args, **kw)
    ~~~~~~^^^^^^^^^^^^^^^^^^^^^^^^^^^^^^^^^^^^^
  File "C:\apps\resource_planner_web\venv\Lib\site-packages\sqlalchemy\event\api.py", line 123, in listen
    _event_key(target, identifier, fn).listen(*args, **kw)
    ~~~~~~~~~~^^^^^^^^^^^^^^^^^^^^^^^^
  File "C:\apps\resource_planner_web\venv\Lib\site-packages\sqlalchemy\event\api.py", line 36, in _event_key
    raise exc.InvalidRequestError(
        "No such event '%s' for target '%s'" % (identifier, target)
    )
sqlalchemy.exc.InvalidRequestError: No such event 'before_compile' for target '<class 'models.Employee'>'
Traceback (most recent call last):
  File "<string>", line 1, in <module>
    from app import app; app.run(host='0.0.0.0', port=5000)
    ^^^^^^^^^^^^^^^^^^^
  File "C:\apps\resource_planner_web\app.py", line 15, in <module>
    from models import TimesheetUpload, Project, Employee
  File "C:\apps\resource_planner_web\models.py", line 382, in <module>
    @event.listens_for(Employee, 'before_compile', retval=True)
     ~~~~~~~~~~~~~~~~~^^^^^^^^^^^^^^^^^^^^^^^^^^^^^^^^^^^^^^^^^
  File "C:\apps\resource_planner_web\venv\Lib\site-packages\sqlalchemy\event\api.py", line 167, in decorate
    listen(target, identifier, fn, *args, **kw)
    ~~~~~~^^^^^^^^^^^^^^^^^^^^^^^^^^^^^^^^^^^^^
  File "C:\apps\resource_planner_web\venv\Lib\site-packages\sqlalchemy\event\api.py", line 123, in listen
    _event_key(target, identifier, fn).listen(*args, **kw)
    ~~~~~~~~~~^^^^^^^^^^^^^^^^^^^^^^^^
  File "C:\apps\resource_planner_web\venv\Lib\site-packages\sqlalchemy\event\api.py", line 36, in _event_key
    raise exc.InvalidRequestError(
        "No such event '%s' for target '%s'" % (identifier, target)
    )
sqlalchemy.exc.InvalidRequestError: No such event 'before_compile' for target '<class 'models.Employee'>'
Traceback (most recent call last):
  File "<string>", line 1, in <module>
    from app import app; app.run(host='0.0.0.0', port=5000)
    ^^^^^^^^^^^^^^^^^^^
  File "C:\apps\resource_planner_web\app.py", line 15, in <module>
    from models import TimesheetUpload, Project, Employee
  File "C:\apps\resource_planner_web\models.py", line 382, in <module>
    @event.listens_for(Employee, 'before_compile', retval=True)
     ~~~~~~~~~~~~~~~~~^^^^^^^^^^^^^^^^^^^^^^^^^^^^^^^^^^^^^^^^^
  File "C:\apps\resource_planner_web\venv\Lib\site-packages\sqlalchemy\event\api.py", line 167, in decorate
    listen(target, identifier, fn, *args, **kw)
    ~~~~~~^^^^^^^^^^^^^^^^^^^^^^^^^^^^^^^^^^^^^
  File "C:\apps\resource_planner_web\venv\Lib\site-packages\sqlalchemy\event\api.py", line 123, in listen
    _event_key(target, identifier, fn).listen(*args, **kw)
    ~~~~~~~~~~^^^^^^^^^^^^^^^^^^^^^^^^
  File "C:\apps\resource_planner_web\venv\Lib\site-packages\sqlalchemy\event\api.py", line 36, in _event_key
    raise exc.InvalidRequestError(
        "No such event '%s' for target '%s'" % (identifier, target)
    )
sqlalchemy.exc.InvalidRequestError: No such event 'before_compile' for target '<class 'models.Employee'>'
Traceback (most recent call last):
  File "<string>", line 1, in <module>
    from app import app; app.run(host='0.0.0.0', port=5000)
    ^^^^^^^^^^^^^^^^^^^
  File "C:\apps\resource_planner_web\app.py", line 15, in <module>
    from models import TimesheetUpload, Project, Employee
  File "C:\apps\resource_planner_web\models.py", line 382, in <module>
    @event.listens_for(Employee, 'before_compile', retval=True)
     ~~~~~~~~~~~~~~~~~^^^^^^^^^^^^^^^^^^^^^^^^^^^^^^^^^^^^^^^^^
  File "C:\apps\resource_planner_web\venv\Lib\site-packages\sqlalchemy\event\api.py", line 167, in decorate
    listen(target, identifier, fn, *args, **kw)
    ~~~~~~^^^^^^^^^^^^^^^^^^^^^^^^^^^^^^^^^^^^^
  File "C:\apps\resource_planner_web\venv\Lib\site-packages\sqlalchemy\event\api.py", line 123, in listen
    _event_key(target, identifier, fn).listen(*args, **kw)
    ~~~~~~~~~~^^^^^^^^^^^^^^^^^^^^^^^^
  File "C:\apps\resource_planner_web\venv\Lib\site-packages\sqlalchemy\event\api.py", line 36, in _event_key
    raise exc.InvalidRequestError(
        "No such event '%s' for target '%s'" % (identifier, target)
    )
sqlalchemy.exc.InvalidRequestError: No such event 'before_compile' for target '<class 'models.Employee'>'
Traceback (most recent call last):
  File "<string>", line 1, in <module>
    from app import app; app.run(host='0.0.0.0', port=5000)
    ^^^^^^^^^^^^^^^^^^^
  File "C:\apps\resource_planner_web\app.py", line 15, in <module>
    from models import TimesheetUpload, Project, Employee
  File "C:\apps\resource_planner_web\models.py", line 382, in <module>
    @event.listens_for(Employee, 'before_compile', retval=True)
     ~~~~~~~~~~~~~~~~~^^^^^^^^^^^^^^^^^^^^^^^^^^^^^^^^^^^^^^^^^
  File "C:\apps\resource_planner_web\venv\Lib\site-packages\sqlalchemy\event\api.py", line 167, in decorate
    listen(target, identifier, fn, *args, **kw)
    ~~~~~~^^^^^^^^^^^^^^^^^^^^^^^^^^^^^^^^^^^^^
  File "C:\apps\resource_planner_web\venv\Lib\site-packages\sqlalchemy\event\api.py", line 123, in listen
    _event_key(target, identifier, fn).listen(*args, **kw)
    ~~~~~~~~~~^^^^^^^^^^^^^^^^^^^^^^^^
  File "C:\apps\resource_planner_web\venv\Lib\site-packages\sqlalchemy\event\api.py", line 36, in _event_key
    raise exc.InvalidRequestError(
        "No such event '%s' for target '%s'" % (identifier, target)
    )
sqlalchemy.exc.InvalidRequestError: No such event 'before_compile' for target '<class 'models.Employee'>'
Traceback (most recent call last):
  File "<string>", line 1, in <module>
    from app import app; app.run(host='0.0.0.0', port=5000)
    ^^^^^^^^^^^^^^^^^^^
  File "C:\apps\resource_planner_web\app.py", line 15, in <module>
    from models import TimesheetUpload, Project, Employee
  File "C:\apps\resource_planner_web\models.py", line 382, in <module>
    @event.listens_for(Employee, 'before_compile', retval=True)
     ~~~~~~~~~~~~~~~~~^^^^^^^^^^^^^^^^^^^^^^^^^^^^^^^^^^^^^^^^^
  File "C:\apps\resource_planner_web\venv\Lib\site-packages\sqlalchemy\event\api.py", line 167, in decorate
    listen(target, identifier, fn, *args, **kw)
    ~~~~~~^^^^^^^^^^^^^^^^^^^^^^^^^^^^^^^^^^^^^
  File "C:\apps\resource_planner_web\venv\Lib\site-packages\sqlalchemy\event\api.py", line 123, in listen
    _event_key(target, identifier, fn).listen(*args, **kw)
    ~~~~~~~~~~^^^^^^^^^^^^^^^^^^^^^^^^
  File "C:\apps\resource_planner_web\venv\Lib\site-packages\sqlalchemy\event\api.py", line 36, in _event_key
    raise exc.InvalidRequestError(
        "No such event '%s' for target '%s'" % (identifier, target)
    )
sqlalchemy.exc.InvalidRequestError: No such event 'before_compile' for target '<class 'models.Employee'>'
Traceback (most recent call last):
  File "<string>", line 1, in <module>
    from app import app; app.run(host='0.0.0.0', port=5000)
    ^^^^^^^^^^^^^^^^^^^
  File "C:\apps\resource_planner_web\app.py", line 15, in <module>
    from models import TimesheetUpload, Project, Employee
  File "C:\apps\resource_planner_web\models.py", line 382, in <module>
    @event.listens_for(Employee, 'before_compile', retval=True)
     ~~~~~~~~~~~~~~~~~^^^^^^^^^^^^^^^^^^^^^^^^^^^^^^^^^^^^^^^^^
  File "C:\apps\resource_planner_web\venv\Lib\site-packages\sqlalchemy\event\api.py", line 167, in decorate
    listen(target, identifier, fn, *args, **kw)
    ~~~~~~^^^^^^^^^^^^^^^^^^^^^^^^^^^^^^^^^^^^^
  File "C:\apps\resource_planner_web\venv\Lib\site-packages\sqlalchemy\event\api.py", line 123, in listen
    _event_key(target, identifier, fn).listen(*args, **kw)
    ~~~~~~~~~~^^^^^^^^^^^^^^^^^^^^^^^^
  File "C:\apps\resource_planner_web\venv\Lib\site-packages\sqlalchemy\event\api.py", line 36, in _event_key
    raise exc.InvalidRequestError(
        "No such event '%s' for target '%s'" % (identifier, target)
    )
sqlalchemy.exc.InvalidRequestError: No such event 'before_compile' for target '<class 'models.Employee'>'
Traceback (most recent call last):
  File "<string>", line 1, in <module>
    from app import app; app.run(host='0.0.0.0', port=5000)
    ^^^^^^^^^^^^^^^^^^^
  File "C:\apps\resource_planner_web\app.py", line 15, in <module>
    from models import TimesheetUpload, Project, Employee
  File "C:\apps\resource_planner_web\models.py", line 382, in <module>
    @event.listens_for(Employee, 'before_compile', retval=True)
     ~~~~~~~~~~~~~~~~~^^^^^^^^^^^^^^^^^^^^^^^^^^^^^^^^^^^^^^^^^
  File "C:\apps\resource_planner_web\venv\Lib\site-packages\sqlalchemy\event\api.py", line 167, in decorate
    listen(target, identifier, fn, *args, **kw)
    ~~~~~~^^^^^^^^^^^^^^^^^^^^^^^^^^^^^^^^^^^^^
  File "C:\apps\resource_planner_web\venv\Lib\site-packages\sqlalchemy\event\api.py", line 123, in listen
    _event_key(target, identifier, fn).listen(*args, **kw)
    ~~~~~~~~~~^^^^^^^^^^^^^^^^^^^^^^^^
  File "C:\apps\resource_planner_web\venv\Lib\site-packages\sqlalchemy\event\api.py", line 36, in _event_key
    raise exc.InvalidRequestError(
        "No such event '%s' for target '%s'" % (identifier, target)
    )
sqlalchemy.exc.InvalidRequestError: No such event 'before_compile' for target '<class 'models.Employee'>'
Traceback (most recent call last):
  File "<string>", line 1, in <module>
    from app import app; app.run(host='0.0.0.0', port=5000)
    ^^^^^^^^^^^^^^^^^^^
  File "C:\apps\resource_planner_web\app.py", line 15, in <module>
    from models import TimesheetUpload, Project, Employee
  File "C:\apps\resource_planner_web\models.py", line 382, in <module>
    @event.listens_for(Employee, 'before_compile', retval=True)
     ~~~~~~~~~~~~~~~~~^^^^^^^^^^^^^^^^^^^^^^^^^^^^^^^^^^^^^^^^^
  File "C:\apps\resource_planner_web\venv\Lib\site-packages\sqlalchemy\event\api.py", line 167, in decorate
    listen(target, identifier, fn, *args, **kw)
    ~~~~~~^^^^^^^^^^^^^^^^^^^^^^^^^^^^^^^^^^^^^
  File "C:\apps\resource_planner_web\venv\Lib\site-packages\sqlalchemy\event\api.py", line 123, in listen
    _event_key(target, identifier, fn).listen(*args, **kw)
    ~~~~~~~~~~^^^^^^^^^^^^^^^^^^^^^^^^
  File "C:\apps\resource_planner_web\venv\Lib\site-packages\sqlalchemy\event\api.py", line 36, in _event_key
    raise exc.InvalidRequestError(
        "No such event '%s' for target '%s'" % (identifier, target)
    )
sqlalchemy.exc.InvalidRequestError: No such event 'before_compile' for target '<class 'models.Employee'>'
Traceback (most recent call last):
  File "<string>", line 1, in <module>
    from app import app; app.run(host='0.0.0.0', port=5000)
    ^^^^^^^^^^^^^^^^^^^
  File "C:\apps\resource_planner_web\app.py", line 15, in <module>
    from models import TimesheetUpload, Project, Employee
  File "C:\apps\resource_planner_web\models.py", line 382, in <module>
    @event.listens_for(Employee, 'before_compile', retval=True)
     ~~~~~~~~~~~~~~~~~^^^^^^^^^^^^^^^^^^^^^^^^^^^^^^^^^^^^^^^^^
  File "C:\apps\resource_planner_web\venv\Lib\site-packages\sqlalchemy\event\api.py", line 167, in decorate
    listen(target, identifier, fn, *args, **kw)
    ~~~~~~^^^^^^^^^^^^^^^^^^^^^^^^^^^^^^^^^^^^^
  File "C:\apps\resource_planner_web\venv\Lib\site-packages\sqlalchemy\event\api.py", line 123, in listen
    _event_key(target, identifier, fn).listen(*args, **kw)
    ~~~~~~~~~~^^^^^^^^^^^^^^^^^^^^^^^^
  File "C:\apps\resource_planner_web\venv\Lib\site-packages\sqlalchemy\event\api.py", line 36, in _event_key
    raise exc.InvalidRequestError(
        "No such event '%s' for target '%s'" % (identifier, target)
    )
sqlalchemy.exc.InvalidRequestError: No such event 'before_compile' for target '<class 'models.Employee'>'
Traceback (most recent call last):
  File "<string>", line 1, in <module>
    from app import app; app.run(host='0.0.0.0', port=5000)
    ^^^^^^^^^^^^^^^^^^^
  File "C:\apps\resource_planner_web\app.py", line 15, in <module>
    from models import TimesheetUpload, Project, Employee
  File "C:\apps\resource_planner_web\models.py", line 382, in <module>
    @event.listens_for(Employee, 'before_compile', retval=True)
     ~~~~~~~~~~~~~~~~~^^^^^^^^^^^^^^^^^^^^^^^^^^^^^^^^^^^^^^^^^
  File "C:\apps\resource_planner_web\venv\Lib\site-packages\sqlalchemy\event\api.py", line 167, in decorate
    listen(target, identifier, fn, *args, **kw)
    ~~~~~~^^^^^^^^^^^^^^^^^^^^^^^^^^^^^^^^^^^^^
  File "C:\apps\resource_planner_web\venv\Lib\site-packages\sqlalchemy\event\api.py", line 123, in listen
    _event_key(target, identifier, fn).listen(*args, **kw)
    ~~~~~~~~~~^^^^^^^^^^^^^^^^^^^^^^^^
  File "C:\apps\resource_planner_web\venv\Lib\site-packages\sqlalchemy\event\api.py", line 36, in _event_key
    raise exc.InvalidRequestError(
        "No such event '%s' for target '%s'" % (identifier, target)
    )
sqlalchemy.exc.InvalidRequestError: No such event 'before_compile' for target '<class 'models.Employee'>'
Traceback (most recent call last):
  File "<string>", line 1, in <module>
    from app import app; app.run(host='0.0.0.0', port=5000)
    ^^^^^^^^^^^^^^^^^^^
  File "C:\apps\resource_planner_web\app.py", line 15, in <module>
    from models import TimesheetUpload, Project, Employee
  File "C:\apps\resource_planner_web\models.py", line 382, in <module>
    @event.listens_for(Employee, 'before_compile', retval=True)
     ~~~~~~~~~~~~~~~~~^^^^^^^^^^^^^^^^^^^^^^^^^^^^^^^^^^^^^^^^^
  File "C:\apps\resource_planner_web\venv\Lib\site-packages\sqlalchemy\event\api.py", line 167, in decorate
    listen(target, identifier, fn, *args, **kw)
    ~~~~~~^^^^^^^^^^^^^^^^^^^^^^^^^^^^^^^^^^^^^
  File "C:\apps\resource_planner_web\venv\Lib\site-packages\sqlalchemy\event\api.py", line 123, in listen
    _event_key(target, identifier, fn).listen(*args, **kw)
    ~~~~~~~~~~^^^^^^^^^^^^^^^^^^^^^^^^
  File "C:\apps\resource_planner_web\venv\Lib\site-packages\sqlalchemy\event\api.py", line 36, in _event_key
    raise exc.InvalidRequestError(
        "No such event '%s' for target '%s'" % (identifier, target)
    )
sqlalchemy.exc.InvalidRequestError: No such event 'before_compile' for target '<class 'models.Employee'>'
Traceback (most recent call last):
  File "<string>", line 1, in <module>
    from app import app; app.run(host='0.0.0.0', port=5000)
    ^^^^^^^^^^^^^^^^^^^
  File "C:\apps\resource_planner_web\app.py", line 15, in <module>
    from models import TimesheetUpload, Project, Employee
  File "C:\apps\resource_planner_web\models.py", line 382, in <module>
    @event.listens_for(Employee, 'before_compile', retval=True)
     ~~~~~~~~~~~~~~~~~^^^^^^^^^^^^^^^^^^^^^^^^^^^^^^^^^^^^^^^^^
  File "C:\apps\resource_planner_web\venv\Lib\site-packages\sqlalchemy\event\api.py", line 167, in decorate
    listen(target, identifier, fn, *args, **kw)
    ~~~~~~^^^^^^^^^^^^^^^^^^^^^^^^^^^^^^^^^^^^^
  File "C:\apps\resource_planner_web\venv\Lib\site-packages\sqlalchemy\event\api.py", line 123, in listen
    _event_key(target, identifier, fn).listen(*args, **kw)
    ~~~~~~~~~~^^^^^^^^^^^^^^^^^^^^^^^^
  File "C:\apps\resource_planner_web\venv\Lib\site-packages\sqlalchemy\event\api.py", line 36, in _event_key
    raise exc.InvalidRequestError(
        "No such event '%s' for target '%s'" % (identifier, target)
    )
sqlalchemy.exc.InvalidRequestError: No such event 'before_compile' for target '<class 'models.Employee'>'
Traceback (most recent call last):
  File "<string>", line 1, in <module>
    from app import app; app.run(host='0.0.0.0', port=5000)
    ^^^^^^^^^^^^^^^^^^^
  File "C:\apps\resource_planner_web\app.py", line 15, in <module>
    from models import TimesheetUpload, Project, Employee
  File "C:\apps\resource_planner_web\models.py", line 382, in <module>
    @event.listens_for(Employee, 'before_compile', retval=True)
     ~~~~~~~~~~~~~~~~~^^^^^^^^^^^^^^^^^^^^^^^^^^^^^^^^^^^^^^^^^
  File "C:\apps\resource_planner_web\venv\Lib\site-packages\sqlalchemy\event\api.py", line 167, in decorate
    listen(target, identifier, fn, *args, **kw)
    ~~~~~~^^^^^^^^^^^^^^^^^^^^^^^^^^^^^^^^^^^^^
  File "C:\apps\resource_planner_web\venv\Lib\site-packages\sqlalchemy\event\api.py", line 123, in listen
    _event_key(target, identifier, fn).listen(*args, **kw)
    ~~~~~~~~~~^^^^^^^^^^^^^^^^^^^^^^^^
  File "C:\apps\resource_planner_web\venv\Lib\site-packages\sqlalchemy\event\api.py", line 36, in _event_key
    raise exc.InvalidRequestError(
        "No such event '%s' for target '%s'" % (identifier, target)
    )
sqlalchemy.exc.InvalidRequestError: No such event 'before_compile' for target '<class 'models.Employee'>'
Traceback (most recent call last):
  File "<string>", line 1, in <module>
    from app import app; app.run(host='0.0.0.0', port=5000)
    ^^^^^^^^^^^^^^^^^^^
  File "C:\apps\resource_planner_web\app.py", line 15, in <module>
    from models import TimesheetUpload, Project, Employee
  File "C:\apps\resource_planner_web\models.py", line 382, in <module>
    @event.listens_for(Employee, 'before_compile', retval=True)
     ~~~~~~~~~~~~~~~~~^^^^^^^^^^^^^^^^^^^^^^^^^^^^^^^^^^^^^^^^^
  File "C:\apps\resource_planner_web\venv\Lib\site-packages\sqlalchemy\event\api.py", line 167, in decorate
    listen(target, identifier, fn, *args, **kw)
    ~~~~~~^^^^^^^^^^^^^^^^^^^^^^^^^^^^^^^^^^^^^
  File "C:\apps\resource_planner_web\venv\Lib\site-packages\sqlalchemy\event\api.py", line 123, in listen
    _event_key(target, identifier, fn).listen(*args, **kw)
    ~~~~~~~~~~^^^^^^^^^^^^^^^^^^^^^^^^
  File "C:\apps\resource_planner_web\venv\Lib\site-packages\sqlalchemy\event\api.py", line 36, in _event_key
    raise exc.InvalidRequestError(
        "No such event '%s' for target '%s'" % (identifier, target)
    )
sqlalchemy.exc.InvalidRequestError: No such event 'before_compile' for target '<class 'models.Employee'>'
Traceback (most recent call last):
  File "<string>", line 1, in <module>
    from app import app; app.run(host='0.0.0.0', port=5000)
    ^^^^^^^^^^^^^^^^^^^
  File "C:\apps\resource_planner_web\app.py", line 15, in <module>
    from models import TimesheetUpload, Project, Employee
  File "C:\apps\resource_planner_web\models.py", line 382, in <module>
    @event.listens_for(Employee, 'before_compile', retval=True)
     ~~~~~~~~~~~~~~~~~^^^^^^^^^^^^^^^^^^^^^^^^^^^^^^^^^^^^^^^^^
  File "C:\apps\resource_planner_web\venv\Lib\site-packages\sqlalchemy\event\api.py", line 167, in decorate
    listen(target, identifier, fn, *args, **kw)
    ~~~~~~^^^^^^^^^^^^^^^^^^^^^^^^^^^^^^^^^^^^^
  File "C:\apps\resource_planner_web\venv\Lib\site-packages\sqlalchemy\event\api.py", line 123, in listen
    _event_key(target, identifier, fn).listen(*args, **kw)
    ~~~~~~~~~~^^^^^^^^^^^^^^^^^^^^^^^^
  File "C:\apps\resource_planner_web\venv\Lib\site-packages\sqlalchemy\event\api.py", line 36, in _event_key
    raise exc.InvalidRequestError(
        "No such event '%s' for target '%s'" % (identifier, target)
    )
sqlalchemy.exc.InvalidRequestError: No such event 'before_compile' for target '<class 'models.Employee'>'
Traceback (most recent call last):
  File "<string>", line 1, in <module>
    from app import app; app.run(host='0.0.0.0', port=5000)
    ^^^^^^^^^^^^^^^^^^^
  File "C:\apps\resource_planner_web\app.py", line 15, in <module>
    from models import TimesheetUpload, Project, Employee
  File "C:\apps\resource_planner_web\models.py", line 382, in <module>
    @event.listens_for(Employee, 'before_compile', retval=True)
     ~~~~~~~~~~~~~~~~~^^^^^^^^^^^^^^^^^^^^^^^^^^^^^^^^^^^^^^^^^
  File "C:\apps\resource_planner_web\venv\Lib\site-packages\sqlalchemy\event\api.py", line 167, in decorate
    listen(target, identifier, fn, *args, **kw)
    ~~~~~~^^^^^^^^^^^^^^^^^^^^^^^^^^^^^^^^^^^^^
  File "C:\apps\resource_planner_web\venv\Lib\site-packages\sqlalchemy\event\api.py", line 123, in listen
    _event_key(target, identifier, fn).listen(*args, **kw)
    ~~~~~~~~~~^^^^^^^^^^^^^^^^^^^^^^^^
  File "C:\apps\resource_planner_web\venv\Lib\site-packages\sqlalchemy\event\api.py", line 36, in _event_key
    raise exc.InvalidRequestError(
        "No such event '%s' for target '%s'" % (identifier, target)
    )
sqlalchemy.exc.InvalidRequestError: No such event 'before_compile' for target '<class 'models.Employee'>'
Traceback (most recent call last):
  File "<string>", line 1, in <module>
    from app import app; app.run(host='0.0.0.0', port=5000)
    ^^^^^^^^^^^^^^^^^^^
  File "C:\apps\resource_planner_web\app.py", line 15, in <module>
    from models import TimesheetUpload, Project, Employee
  File "C:\apps\resource_planner_web\models.py", line 382, in <module>
    @event.listens_for(Employee, 'before_compile', retval=True)
     ~~~~~~~~~~~~~~~~~^^^^^^^^^^^^^^^^^^^^^^^^^^^^^^^^^^^^^^^^^
  File "C:\apps\resource_planner_web\venv\Lib\site-packages\sqlalchemy\event\api.py", line 167, in decorate
    listen(target, identifier, fn, *args, **kw)
    ~~~~~~^^^^^^^^^^^^^^^^^^^^^^^^^^^^^^^^^^^^^
  File "C:\apps\resource_planner_web\venv\Lib\site-packages\sqlalchemy\event\api.py", line 123, in listen
    _event_key(target, identifier, fn).listen(*args, **kw)
    ~~~~~~~~~~^^^^^^^^^^^^^^^^^^^^^^^^
  File "C:\apps\resource_planner_web\venv\Lib\site-packages\sqlalchemy\event\api.py", line 36, in _event_key
    raise exc.InvalidRequestError(
        "No such event '%s' for target '%s'" % (identifier, target)
    )
sqlalchemy.exc.InvalidRequestError: No such event 'before_compile' for target '<class 'models.Employee'>'
Traceback (most recent call last):
  File "<string>", line 1, in <module>
    from app import app; app.run(host='0.0.0.0', port=5000)
    ^^^^^^^^^^^^^^^^^^^
  File "C:\apps\resource_planner_web\app.py", line 15, in <module>
    from models import TimesheetUpload, Project, Employee
  File "C:\apps\resource_planner_web\models.py", line 382, in <module>
    @event.listens_for(Employee, 'before_compile', retval=True)
     ~~~~~~~~~~~~~~~~~^^^^^^^^^^^^^^^^^^^^^^^^^^^^^^^^^^^^^^^^^
  File "C:\apps\resource_planner_web\venv\Lib\site-packages\sqlalchemy\event\api.py", line 167, in decorate
    listen(target, identifier, fn, *args, **kw)
    ~~~~~~^^^^^^^^^^^^^^^^^^^^^^^^^^^^^^^^^^^^^
  File "C:\apps\resource_planner_web\venv\Lib\site-packages\sqlalchemy\event\api.py", line 123, in listen
    _event_key(target, identifier, fn).listen(*args, **kw)
    ~~~~~~~~~~^^^^^^^^^^^^^^^^^^^^^^^^
  File "C:\apps\resource_planner_web\venv\Lib\site-packages\sqlalchemy\event\api.py", line 36, in _event_key
    raise exc.InvalidRequestError(
        "No such event '%s' for target '%s'" % (identifier, target)
    )
sqlalchemy.exc.InvalidRequestError: No such event 'before_compile' for target '<class 'models.Employee'>'
Traceback (most recent call last):
  File "<string>", line 1, in <module>
    from app import app; app.run(host='0.0.0.0', port=5000)
    ^^^^^^^^^^^^^^^^^^^
  File "C:\apps\resource_planner_web\app.py", line 15, in <module>
    from models import TimesheetUpload, Project, Employee
  File "C:\apps\resource_planner_web\models.py", line 382, in <module>
    @event.listens_for(Employee, 'before_compile', retval=True)
     ~~~~~~~~~~~~~~~~~^^^^^^^^^^^^^^^^^^^^^^^^^^^^^^^^^^^^^^^^^
  File "C:\apps\resource_planner_web\venv\Lib\site-packages\sqlalchemy\event\api.py", line 167, in decorate
    listen(target, identifier, fn, *args, **kw)
    ~~~~~~^^^^^^^^^^^^^^^^^^^^^^^^^^^^^^^^^^^^^
  File "C:\apps\resource_planner_web\venv\Lib\site-packages\sqlalchemy\event\api.py", line 123, in listen
    _event_key(target, identifier, fn).listen(*args, **kw)
    ~~~~~~~~~~^^^^^^^^^^^^^^^^^^^^^^^^
  File "C:\apps\resource_planner_web\venv\Lib\site-packages\sqlalchemy\event\api.py", line 36, in _event_key
    raise exc.InvalidRequestError(
        "No such event '%s' for target '%s'" % (identifier, target)
    )
sqlalchemy.exc.InvalidRequestError: No such event 'before_compile' for target '<class 'models.Employee'>'
Traceback (most recent call last):
  File "<string>", line 1, in <module>
    from app import app; app.run(host='0.0.0.0', port=5000)
    ^^^^^^^^^^^^^^^^^^^
  File "C:\apps\resource_planner_web\app.py", line 15, in <module>
    from models import TimesheetUpload, Project, Employee
  File "C:\apps\resource_planner_web\models.py", line 21
    [Previous User Model content remains the same until Employee Model]
     ^^^^^^^^^^^^^
SyntaxError: invalid syntax. Perhaps you forgot a comma?
Traceback (most recent call last):
  File "<string>", line 1, in <module>
    from app import app; app.run(host='0.0.0.0', port=5000)
    ^^^^^^^^^^^^^^^^^^^
  File "C:\apps\resource_planner_web\app.py", line 15, in <module>
    from models import TimesheetUpload, Project, Employee
  File "C:\apps\resource_planner_web\models.py", line 21
    [Previous User Model content remains the same until Employee Model]
     ^^^^^^^^^^^^^
SyntaxError: invalid syntax. Perhaps you forgot a comma?
Traceback (most recent call last):
  File "<string>", line 1, in <module>
    from app import app; app.run(host='0.0.0.0', port=5000)
    ^^^^^^^^^^^^^^^^^^^
  File "C:\apps\resource_planner_web\app.py", line 15, in <module>
    from models import TimesheetUpload, Project, Employee
  File "C:\apps\resource_planner_web\models.py", line 21
    [Previous User Model content remains the same until Employee Model]
     ^^^^^^^^^^^^^
SyntaxError: invalid syntax. Perhaps you forgot a comma?
Traceback (most recent call last):
  File "<string>", line 1, in <module>
    from app import app; app.run(host='0.0.0.0', port=5000)
    ^^^^^^^^^^^^^^^^^^^
  File "C:\apps\resource_planner_web\app.py", line 15, in <module>
    from models import TimesheetUpload, Project, Employee
  File "C:\apps\resource_planner_web\models.py", line 21
    [Previous User Model content remains the same until Employee Model]
     ^^^^^^^^^^^^^
SyntaxError: invalid syntax. Perhaps you forgot a comma?
Traceback (most recent call last):
  File "<string>", line 1, in <module>
    from app import app; app.run(host='0.0.0.0', port=5000)
    ^^^^^^^^^^^^^^^^^^^
  File "C:\apps\resource_planner_web\app.py", line 15, in <module>
    from models import TimesheetUpload, Project, Employee
  File "C:\apps\resource_planner_web\models.py", line 21
    [Previous User Model content remains the same until Employee Model]
     ^^^^^^^^^^^^^
SyntaxError: invalid syntax. Perhaps you forgot a comma?
Traceback (most recent call last):
  File "<string>", line 1, in <module>
    from app import app; app.run(host='0.0.0.0', port=5000)
    ^^^^^^^^^^^^^^^^^^^
  File "C:\apps\resource_planner_web\app.py", line 15, in <module>
    from models import TimesheetUpload, Project, Employee
  File "C:\apps\resource_planner_web\models.py", line 21
    [Previous User Model content remains the same until Employee Model]
     ^^^^^^^^^^^^^
SyntaxError: invalid syntax. Perhaps you forgot a comma?
Traceback (most recent call last):
  File "<string>", line 1, in <module>
    from app import app; app.run(host='0.0.0.0', port=5000)
    ^^^^^^^^^^^^^^^^^^^
  File "C:\apps\resource_planner_web\app.py", line 15, in <module>
    from models import TimesheetUpload, Project, Employee
  File "C:\apps\resource_planner_web\models.py", line 21
    [Previous User Model content remains the same until Employee Model]
     ^^^^^^^^^^^^^
SyntaxError: invalid syntax. Perhaps you forgot a comma?
Traceback (most recent call last):
  File "<string>", line 1, in <module>
    from app import app; app.run(host='0.0.0.0', port=5000)
    ^^^^^^^^^^^^^^^^^^^
  File "C:\apps\resource_planner_web\app.py", line 15, in <module>
    from models import TimesheetUpload, Project, Employee
  File "C:\apps\resource_planner_web\models.py", line 21
    [Previous User Model content remains the same until Employee Model]
     ^^^^^^^^^^^^^
SyntaxError: invalid syntax. Perhaps you forgot a comma?
Traceback (most recent call last):
  File "<string>", line 1, in <module>
    from app import app; app.run(host='0.0.0.0', port=5000)
    ^^^^^^^^^^^^^^^^^^^
  File "C:\apps\resource_planner_web\app.py", line 15, in <module>
    from models import TimesheetUpload, Project, Employee
  File "C:\apps\resource_planner_web\models.py", line 21
    [Previous User Model content remains the same until Employee Model]
     ^^^^^^^^^^^^^
SyntaxError: invalid syntax. Perhaps you forgot a comma?
Traceback (most recent call last):
  File "<string>", line 1, in <module>
    from app import app; app.run(host='0.0.0.0', port=5000)
    ^^^^^^^^^^^^^^^^^^^
  File "C:\apps\resource_planner_web\app.py", line 15, in <module>
    from models import TimesheetUpload, Project, Employee
  File "C:\apps\resource_planner_web\models.py", line 21
    [Previous User Model content remains the same until Employee Model]
     ^^^^^^^^^^^^^
SyntaxError: invalid syntax. Perhaps you forgot a comma?
Traceback (most recent call last):
  File "<string>", line 1, in <module>
    from app import app; app.run(host='0.0.0.0', port=5000)
    ^^^^^^^^^^^^^^^^^^^
  File "C:\apps\resource_planner_web\app.py", line 15, in <module>
    from models import TimesheetUpload, Project, Employee
  File "C:\apps\resource_planner_web\models.py", line 21
    [Previous User Model content remains the same until Employee Model]
     ^^^^^^^^^^^^^
SyntaxError: invalid syntax. Perhaps you forgot a comma?
Traceback (most recent call last):
  File "<string>", line 1, in <module>
    from app import app; app.run(host='0.0.0.0', port=5000)
    ^^^^^^^^^^^^^^^^^^^
  File "C:\apps\resource_planner_web\app.py", line 15, in <module>
    from models import TimesheetUpload, Project, Employee
  File "C:\apps\resource_planner_web\models.py", line 21
    [Previous User Model content remains the same until Employee Model]
     ^^^^^^^^^^^^^
SyntaxError: invalid syntax. Perhaps you forgot a comma?
Traceback (most recent call last):
  File "<string>", line 1, in <module>
    from app import app; app.run(host='0.0.0.0', port=5000)
    ^^^^^^^^^^^^^^^^^^^
  File "C:\apps\resource_planner_web\app.py", line 15, in <module>
    from models import TimesheetUpload, Project, Employee
  File "C:\apps\resource_planner_web\models.py", line 21
    [Previous User Model content remains the same until Employee Model]
     ^^^^^^^^^^^^^
SyntaxError: invalid syntax. Perhaps you forgot a comma?
Traceback (most recent call last):
  File "<string>", line 1, in <module>
    from app import app; app.run(host='0.0.0.0', port=5000)
    ^^^^^^^^^^^^^^^^^^^
  File "C:\apps\resource_planner_web\app.py", line 15, in <module>
    from models import TimesheetUpload, Project, Employee
  File "C:\apps\resource_planner_web\models.py", line 21
    [Previous User Model content remains the same until Employee Model]
     ^^^^^^^^^^^^^
SyntaxError: invalid syntax. Perhaps you forgot a comma?
Traceback (most recent call last):
  File "<string>", line 1, in <module>
    from app import app; app.run(host='0.0.0.0', port=5000)
    ^^^^^^^^^^^^^^^^^^^
  File "C:\apps\resource_planner_web\app.py", line 15, in <module>
    from models import TimesheetUpload, Project, Employee
  File "C:\apps\resource_planner_web\models.py", line 21
    [Previous User Model content remains the same until Employee Model]
     ^^^^^^^^^^^^^
SyntaxError: invalid syntax. Perhaps you forgot a comma?
Traceback (most recent call last):
  File "<string>", line 1, in <module>
    from app import app; app.run(host='0.0.0.0', port=5000)
    ^^^^^^^^^^^^^^^^^^^
  File "C:\apps\resource_planner_web\app.py", line 15, in <module>
    from models import TimesheetUpload, Project, Employee
  File "C:\apps\resource_planner_web\models.py", line 21
    [Previous User Model content remains the same until Employee Model]
     ^^^^^^^^^^^^^
SyntaxError: invalid syntax. Perhaps you forgot a comma?
Traceback (most recent call last):
  File "<string>", line 1, in <module>
    from app import app; app.run(host='0.0.0.0', port=5000)
    ^^^^^^^^^^^^^^^^^^^
  File "C:\apps\resource_planner_web\app.py", line 15, in <module>
    from models import TimesheetUpload, Project, Employee
  File "C:\apps\resource_planner_web\models.py", line 21
    [Previous User Model content remains the same until Employee Model]
     ^^^^^^^^^^^^^
SyntaxError: invalid syntax. Perhaps you forgot a comma?
Traceback (most recent call last):
  File "<string>", line 1, in <module>
    from app import app; app.run(host='0.0.0.0', port=5000)
    ^^^^^^^^^^^^^^^^^^^
  File "C:\apps\resource_planner_web\app.py", line 15, in <module>
    from models import TimesheetUpload, Project, Employee
  File "C:\apps\resource_planner_web\models.py", line 21
    [Previous User Model content remains the same until Employee Model]
     ^^^^^^^^^^^^^
SyntaxError: invalid syntax. Perhaps you forgot a comma?
Traceback (most recent call last):
  File "<string>", line 1, in <module>
    from app import app; app.run(host='0.0.0.0', port=5000)
    ^^^^^^^^^^^^^^^^^^^
  File "C:\apps\resource_planner_web\app.py", line 15, in <module>
    from models import TimesheetUpload, Project, Employee
  File "C:\apps\resource_planner_web\models.py", line 21
    [Previous User Model content remains the same until Employee Model]
     ^^^^^^^^^^^^^
SyntaxError: invalid syntax. Perhaps you forgot a comma?
Traceback (most recent call last):
  File "<string>", line 1, in <module>
    from app import app; app.run(host='0.0.0.0', port=5000)
    ^^^^^^^^^^^^^^^^^^^
  File "C:\apps\resource_planner_web\app.py", line 15, in <module>
    from models import TimesheetUpload, Project, Employee
  File "C:\apps\resource_planner_web\models.py", line 21
    [Previous User Model content remains the same until Employee Model]
     ^^^^^^^^^^^^^
SyntaxError: invalid syntax. Perhaps you forgot a comma?
Traceback (most recent call last):
  File "<string>", line 1, in <module>
    from app import app; app.run(host='0.0.0.0', port=5000)
    ^^^^^^^^^^^^^^^^^^^
  File "C:\apps\resource_planner_web\app.py", line 15, in <module>
    from models import TimesheetUpload, Project, Employee
  File "C:\apps\resource_planner_web\models.py", line 21
    [Previous User Model content remains the same until Employee Model]
     ^^^^^^^^^^^^^
SyntaxError: invalid syntax. Perhaps you forgot a comma?
Traceback (most recent call last):
  File "<string>", line 1, in <module>
    from app import app; app.run(host='0.0.0.0', port=5000)
    ^^^^^^^^^^^^^^^^^^^
  File "C:\apps\resource_planner_web\app.py", line 15, in <module>
    from models import TimesheetUpload, Project, Employee
  File "C:\apps\resource_planner_web\models.py", line 21
    [Previous User Model content remains the same until Employee Model]
     ^^^^^^^^^^^^^
SyntaxError: invalid syntax. Perhaps you forgot a comma?
Traceback (most recent call last):
  File "<string>", line 1, in <module>
    from app import app; app.run(host='0.0.0.0', port=5000)
    ^^^^^^^^^^^^^^^^^^^
  File "C:\apps\resource_planner_web\app.py", line 15, in <module>
    from models import TimesheetUpload, Project, Employee
  File "C:\apps\resource_planner_web\models.py", line 21
    [Previous User Model content remains the same until Employee Model]
     ^^^^^^^^^^^^^
SyntaxError: invalid syntax. Perhaps you forgot a comma?
Traceback (most recent call last):
  File "<string>", line 1, in <module>
    from app import app; app.run(host='0.0.0.0', port=5000)
    ^^^^^^^^^^^^^^^^^^^
  File "C:\apps\resource_planner_web\app.py", line 15, in <module>
    from models import TimesheetUpload, Project, Employee
  File "C:\apps\resource_planner_web\models.py", line 21
    [Previous User Model content remains the same until Employee Model]
     ^^^^^^^^^^^^^
SyntaxError: invalid syntax. Perhaps you forgot a comma?
Traceback (most recent call last):
  File "<string>", line 1, in <module>
    from app import app; app.run(host='0.0.0.0', port=5000)
    ^^^^^^^^^^^^^^^^^^^
  File "C:\apps\resource_planner_web\app.py", line 15, in <module>
    from models import TimesheetUpload, Project, Employee
  File "C:\apps\resource_planner_web\models.py", line 21
    [Previous User Model content remains the same until Employee Model]
     ^^^^^^^^^^^^^
SyntaxError: invalid syntax. Perhaps you forgot a comma?
Traceback (most recent call last):
  File "<string>", line 1, in <module>
    from app import app; app.run(host='0.0.0.0', port=5000)
    ^^^^^^^^^^^^^^^^^^^
  File "C:\apps\resource_planner_web\app.py", line 15, in <module>
    from models import TimesheetUpload, Project, Employee
  File "C:\apps\resource_planner_web\models.py", line 21
    [Previous User Model content remains the same until Employee Model]
     ^^^^^^^^^^^^^
SyntaxError: invalid syntax. Perhaps you forgot a comma?
Traceback (most recent call last):
  File "<string>", line 1, in <module>
    from app import app; app.run(host='0.0.0.0', port=5000)
    ^^^^^^^^^^^^^^^^^^^
  File "C:\apps\resource_planner_web\app.py", line 15, in <module>
    from models import TimesheetUpload, Project, Employee
  File "C:\apps\resource_planner_web\models.py", line 21
    [Previous User Model content remains the same until Employee Model]
     ^^^^^^^^^^^^^
SyntaxError: invalid syntax. Perhaps you forgot a comma?
python-dotenv could not parse statement starting at line 11
python-dotenv could not parse statement starting at line 12
python-dotenv could not parse statement starting at line 11
python-dotenv could not parse statement starting at line 12
WARNING: This is a development server. Do not use it in a production deployment. Use a production WSGI server instead.
 * Running on all addresses (0.0.0.0)
 * Running on http://127.0.0.1:5000
 * Running on http://172.31.137.237:5000
Press CTRL+C to quit
172.31.157.195 - - [27/Jul/2025 14:49:22] "GET / HTTP/1.1" 302 -
python-dotenv could not parse statement starting at line 11
python-dotenv could not parse statement starting at line 12
python-dotenv could not parse statement starting at line 11
python-dotenv could not parse statement starting at line 12
WARNING: This is a development server. Do not use it in a production deployment. Use a production WSGI server instead.
 * Running on all addresses (0.0.0.0)
 * Running on http://127.0.0.1:5000
 * Running on http://172.31.137.237:5000
Press CTRL+C to quit
172.31.137.237 - - [27/Jul/2025 14:49:39] "GET / HTTP/1.1" 302 -
172.31.137.237 - - [27/Jul/2025 14:49:40] "GET /login?next=/ HTTP/1.1" 200 -
172.31.137.237 - - [27/Jul/2025 14:49:40] "GET /static/css/style.css HTTP/1.1" 304 -
172.31.137.237 - - [27/Jul/2025 14:49:40] "GET /static/images/clovertex_logo.png HTTP/1.1" 304 -
172.31.137.237 - - [27/Jul/2025 14:49:43] "POST /login HTTP/1.1" 302 -
172.31.142.133 - - [27/Jul/2025 14:49:43] "GET / HTTP/1.1" 302 -
[2025-07-27 14:49:43,896] ERROR in app: Exception on / [GET]
Traceback (most recent call last):
  File "C:\apps\resource_planner_web\venv\Lib\site-packages\flask\app.py", line 1511, in wsgi_app
    response = self.full_dispatch_request()
  File "C:\apps\resource_planner_web\venv\Lib\site-packages\flask\app.py", line 919, in full_dispatch_request
    rv = self.handle_user_exception(e)
  File "C:\apps\resource_planner_web\venv\Lib\site-packages\flask\app.py", line 917, in full_dispatch_request
    rv = self.dispatch_request()
  File "C:\apps\resource_planner_web\venv\Lib\site-packages\flask\app.py", line 902, in dispatch_request
    return self.ensure_sync(self.view_functions[rule.endpoint])(**view_args)  # type: ignore[no-any-return]
           ~~~~~~~~~~~~~~~~~~~~~~~~~~~~~~~~~~~~~~~~~~~~~~~~~~~~^^^^^^^^^^^^^
  File "C:\apps\resource_planner_web\venv\Lib\site-packages\flask_login\utils.py", line 290, in decorated_view
    return current_app.ensure_sync(func)(*args, **kwargs)
           ~~~~~~~~~~~~~~~~~~~~~~~~~~~~~^^^^^^^^^^^^^^^^^
  File "C:\apps\resource_planner_web\app.py", line 362, in index
    results=results,
            ^^^^^^^
UnboundLocalError: cannot access local variable 'results' where it is not associated with a value
172.31.137.237 - - [27/Jul/2025 14:49:43] "GET / HTTP/1.1" 500 -
172.31.157.195 - - [27/Jul/2025 14:49:52] "GET / HTTP/1.1" 302 -
172.31.142.133 - - [27/Jul/2025 14:50:13] "GET / HTTP/1.1" 302 -
172.31.157.195 - - [27/Jul/2025 14:50:22] "GET / HTTP/1.1" 302 -
python-dotenv could not parse statement starting at line 11
python-dotenv could not parse statement starting at line 12
python-dotenv could not parse statement starting at line 11
python-dotenv could not parse statement starting at line 12
WARNING: This is a development server. Do not use it in a production deployment. Use a production WSGI server instead.
 * Running on all addresses (0.0.0.0)
 * Running on http://127.0.0.1:5000
 * Running on http://172.31.137.237:5000
Press CTRL+C to quit
172.31.142.133 - - [27/Jul/2025 15:09:44] "GET / HTTP/1.1" 302 -
172.31.157.195 - - [27/Jul/2025 15:09:53] "GET / HTTP/1.1" 302 -
172.31.142.133 - - [27/Jul/2025 15:10:14] "GET / HTTP/1.1" 302 -
172.31.157.195 - - [27/Jul/2025 15:10:23] "GET / HTTP/1.1" 302 -
172.31.142.133 - - [27/Jul/2025 15:10:44] "GET / HTTP/1.1" 302 -
172.31.157.195 - - [27/Jul/2025 15:10:53] "GET / HTTP/1.1" 302 -
172.31.142.133 - - [27/Jul/2025 15:11:14] "GET / HTTP/1.1" 302 -
172.31.157.195 - - [27/Jul/2025 15:11:23] "GET / HTTP/1.1" 302 -
172.31.142.133 - - [27/Jul/2025 15:11:44] "GET / HTTP/1.1" 302 -
172.31.157.195 - - [27/Jul/2025 15:11:53] "GET / HTTP/1.1" 302 -
172.31.142.133 - - [27/Jul/2025 15:12:14] "GET / HTTP/1.1" 302 -
172.31.157.195 - - [27/Jul/2025 15:12:23] "GET / HTTP/1.1" 302 -
172.31.142.133 - - [27/Jul/2025 15:12:44] "GET / HTTP/1.1" 302 -
172.31.157.195 - - [27/Jul/2025 15:12:53] "GET / HTTP/1.1" 302 -
172.31.142.133 - - [27/Jul/2025 15:13:14] "GET / HTTP/1.1" 302 -
172.31.157.195 - - [27/Jul/2025 15:13:23] "GET / HTTP/1.1" 302 -
172.31.142.133 - - [27/Jul/2025 15:13:44] "GET / HTTP/1.1" 302 -
172.31.157.195 - - [27/Jul/2025 15:13:53] "GET / HTTP/1.1" 302 -
172.31.142.133 - - [27/Jul/2025 15:14:14] "GET / HTTP/1.1" 302 -
172.31.157.195 - - [27/Jul/2025 15:14:23] "GET / HTTP/1.1" 302 -
172.31.142.133 - - [27/Jul/2025 15:14:44] "GET / HTTP/1.1" 302 -
172.31.157.195 - - [27/Jul/2025 15:14:53] "GET / HTTP/1.1" 302 -
172.31.142.133 - - [27/Jul/2025 15:15:14] "GET / HTTP/1.1" 302 -
172.31.157.195 - - [27/Jul/2025 15:15:23] "GET / HTTP/1.1" 302 -
172.31.142.133 - - [27/Jul/2025 15:15:44] "GET / HTTP/1.1" 302 -
172.31.157.195 - - [27/Jul/2025 15:15:53] "GET / HTTP/1.1" 302 -
172.31.142.133 - - [27/Jul/2025 15:16:14] "GET / HTTP/1.1" 302 -
172.31.157.195 - - [27/Jul/2025 15:16:23] "GET / HTTP/1.1" 302 -
172.31.142.133 - - [27/Jul/2025 15:16:44] "GET / HTTP/1.1" 302 -
172.31.157.195 - - [27/Jul/2025 15:16:53] "GET / HTTP/1.1" 302 -
172.31.142.133 - - [27/Jul/2025 15:17:14] "GET / HTTP/1.1" 302 -
172.31.157.195 - - [27/Jul/2025 15:17:23] "GET / HTTP/1.1" 302 -
172.31.142.133 - - [27/Jul/2025 15:17:45] "GET / HTTP/1.1" 302 -
172.31.157.195 - - [27/Jul/2025 15:17:53] "GET / HTTP/1.1" 302 -
172.31.142.133 - - [27/Jul/2025 15:18:15] "GET / HTTP/1.1" 302 -
172.31.157.195 - - [27/Jul/2025 15:18:23] "GET / HTTP/1.1" 302 -
172.31.142.133 - - [27/Jul/2025 15:18:45] "GET / HTTP/1.1" 302 -
172.31.157.195 - - [27/Jul/2025 15:18:53] "GET / HTTP/1.1" 302 -
172.31.142.133 - - [27/Jul/2025 15:19:15] "GET / HTTP/1.1" 302 -
172.31.157.195 - - [27/Jul/2025 15:19:23] "GET / HTTP/1.1" 302 -
172.31.142.133 - - [27/Jul/2025 15:19:45] "GET / HTTP/1.1" 302 -
172.31.157.195 - - [27/Jul/2025 15:19:53] "GET / HTTP/1.1" 302 -
172.31.142.133 - - [27/Jul/2025 15:20:15] "GET / HTTP/1.1" 302 -
172.31.157.195 - - [27/Jul/2025 15:20:23] "GET / HTTP/1.1" 302 -
172.31.142.133 - - [27/Jul/2025 15:20:45] "GET / HTTP/1.1" 302 -
172.31.157.195 - - [27/Jul/2025 15:20:53] "GET / HTTP/1.1" 302 -
172.31.142.133 - - [27/Jul/2025 15:21:15] "GET / HTTP/1.1" 302 -
172.31.157.195 - - [27/Jul/2025 15:21:23] "GET / HTTP/1.1" 302 -
172.31.142.133 - - [27/Jul/2025 15:21:45] "GET / HTTP/1.1" 302 -
172.31.157.195 - - [27/Jul/2025 15:21:53] "GET / HTTP/1.1" 302 -
python-dotenv could not parse statement starting at line 11
python-dotenv could not parse statement starting at line 12
python-dotenv could not parse statement starting at line 11
python-dotenv could not parse statement starting at line 12
WARNING: This is a development server. Do not use it in a production deployment. Use a production WSGI server instead.
 * Running on all addresses (0.0.0.0)
 * Running on http://127.0.0.1:5000
 * Running on http://172.31.137.237:5000
Press CTRL+C to quit
